Id,Class
0I4ZVvngsAatm8fzD3pk,1
0iBaz3krsQ8HuA7cGDSt,1
0jkmvR43UQ9yKxqXei61,1
0ZHV6acpJ9KkAWPjEI71,1
12TEseaJ4jnbyORqKxhf,1
15loeAHtkJa8BuFi6Zry,1
19zYbuW3XONcEedv7xUl,1
1CWtrEfORZDj7psmnToA,1
1DNWriJEg56S03yvjTBu,1
1gQDa4l9cNBbkO7n5IY0,1
1IGurl3q9bJQ7pmtMD8O,1
1ik3ncdBTYIJAgfmjpwz,1
1JzApr8qu7Cci5LT23t9,1
1l5V2AwZS9ixLMmecCkp,1
1pf8sevSo3OYJnhcZX6M,1
1smUAv6epFKI7kbR3u0G,1
1TieqSEpxIa6BmcGFsvM,1
1tzCLRxMuGS0yKI3lj8c,1
1zb0rkEtweXH7ABuqoM2,1
25r7AlY4VJojhNEcOW6x,1
2A6SgLfdzGEopT7XcQhD,1
2DBKbxPnVCyiLzqAHU9c,1
2eqnSQrGfCXupwkDtIJ6,1
2eSoCjQzDri3E0cuxUYb,1
2F6ZfVCQRi3vrwcj4zxL,1
2fl8q7dsoC1PwApx6QNg,1
2FM7DbSIHweyXBx8UVNQ,1
2iKeU7DIk9Rdyf4hc8vr,1
2M9jHWhCOGBtY4Jbsvcy,1
2oyTpmYF4tSuBH9kXQc7,1
2qTFb1xySrO5Z0UBlhRi,1
31KjQiNWATfPaozHtYOl,1
31vEFJmeXuz6nfrOWUka,1
3aAduIoFRi8fj6Q54xNz,1
3AnwI4dqXDW8PQ7ijCKm,1
3bapyeGYC5Zot4Sm1NOd,1
3DPkmSKTydJUFQ19Ol4s,1
3GlD7TZI6F5ExPqHs0a1,1
3IxTl7gVswPM9eJDkapX,1
3kETNFWJXPAwmR6BlYf5,1
3PUsV4jflnCw8mGHZIgK,1
3qTBeSjiWwaUAmP5y1xs,1
3SHYJ561ndFZAqWT4sND,1
3uMRSqGw1TtKUm5dz6fW,1
3WfGisHe7lkxVFN8cjXz,1
3X0ULNpuso5MKmZb1Sty,1
3xhmsIkdn7FPL4G9a0Qg,1
3zDoZM6sSC2E9X4dtlB5,1
420SDzWFNamqIiHBYjPu,1
46OZzdsSKDCFV8h7XWxf,1
4ACdoN6gKbsxJfklGT9Z,1
4bEmQThjKsiSPcFfzv1q,1
4boIVf8XqkEQ3ZRTjdiz,1
4fuBOsA3MzoUyhHq1Dwg,1
4g2UZv3nOGWbTCiptDsQ,1
4gmLdiWMqTFlR0UhBY7b,1
4IjXuwLqD3f9tsRaAnMb,1
4iLgBPqdDRz3vtYKJ9aF,1
4JrEyAeIS67UPfkYVz52,1
4l7o0adxGiDvStmFVnzb,1
4lCg5d8GD17tpwQso6RZ,1
4mETUDblC7Ffhq5yoK8c,1
4n5LKPoBHSyfNz6iWJeQ,1
4oukFyPdeRqwVKIQrc8C,1
4pd6mnJHiweUgAIjNubQ,1
4rQn1u9Ygp2ZahEk8mM6,1
4SBiOYxhVHqXWgKwtdLG,1
4SjLXYDV0JuCaKdmNHGv,1
4sPNK2e8VEkXb5t1odf9,1
4VKhCWNBkJxvnOreStys,1
4wvKaeRqlQSBEP9nLOMI,1
4y09ZDr5jWIsNSfkFHzO,1
52Vdf3czIoBaAFsv8gmy,1
56xz9YhvW0CwotDpBnMQ,1
58h7Q0perUzCyg3KHZPN,1
58kxhXouHzFd4g3rmInB,1
5a3BqXVrZdHKFeMiuyox,1
5KZSxj8gGDcdu1bs0v76,1
5mcXAfSQWlV43hb6Ns1d,1
5mFA9kajVz67sSR8YNGL,1
5mS2M1zjfQZ9HAVIFeLc,1
5PIwjdM6ROvnbiN9Dx0a,1
5PqXJeyYtTAQLMca6mCB,1
5PutEYBseLzSyT4mdpIb,1
5QAGYlNrgvSIeRxDH294,1
5QdqPwbTmEL9j6DR8poB,1
5qh0jnJ9X3N4rimob6Wg,1
5QkxLnYPlrhFpwDCZ67W,1
5RfoZwcqXmDYSpEyNGF3,1
5SGjeWfq2M9btVgF78rp,1
5UEJYb3qLkPlWiV2gz8T,1
5Um2hXGgeCVPwdtInObq,1
5YxvIRpAnTkW7KBDHyJP,1
67HtTa9RSq1vKfcA2PXB,1
69jsYQMcGwzrBLUPRb5e,1
6aTHENeI5PBYgzJndM7V,1
6bu0NZAsYoiUlCjEyH4X,1
6G0EdXzZTPkbhoucn8RK,1
6GXdqZuQkcfbNyJA9gpx,1
6K8qujACMe4Q2GrzHRan,1
6KDiSvjJq215CNuoGzH8,1
6MFXjyhwL9xW4dme1OcU,1
6TcBvxAgWEJNjLeGPoQi,1
6YJyE0SvstChMfNp1TbG,1
6zYSlNx9tBbUJkT0aGhr,1
7A10IwRlFPe2x9KhagSV,1
7a5RVl9htyOJcBUK4rQm,1
7aEbXfVnzhG6dRMLT58q,1
7akW4s9DnVjR20eflLYm,1
7DIjuLVbOBykxWXT6ciw,1
7fVDenWBIwTcLtGZzOAY,1
7IFRYGVPBrp5Lmb9xTlv,1
7K1zacbZA3HIjStR6kOs,1
7KuBf9wZiUkFYoatEMNz,1
7lLYUIrghGAcTnmWvEPC,1
7mHG3hRAz15I8CSo9Kej,1
7PpZMfi3L0TNnxFKvuVj,1
7qKcamLjgNfwJb0B3z9I,1
7s4hmScB9p6HZfNFwVri,1
7TCJgElGe5zdMK94wqoU,1
7wpdECAtSosOImULRkQW,1
82kVSm5MBPszG7X13Zin,1
8eiOKmj1ER6wzul0bpT5,1
8fgzBbsoHXwJ6UvDhmL4,1
8H7F04qlbk1nuVtCmRzZ,1
8iBGtATMYPI0cqpVC2d5,1
8JOaeQSwmosFkM56D90g,1
8kOwptdojBs37lfMrzWK,1
8LiHPj7EOaFpnN0uTAW9,1
8LyrjEcsXh1MGd4wg3eS,1
8p7F2yktHj4Sxd5IPJDs,1
8pfbAyu34zotUCZwsv2G,1
8rKwml3nGVhWAiUjDH19,1
8VgdXSO0oFDwArpq3kBT,1
8W23ErmftGwoBqIAhecY,1
8xoYOIE7Kf3htDGPbHA4,1
8ZImDglPqC9RSok2WxQ1,1
91ToMmJQDchgCfyZYGzs,1
9AFl6gbmVOB8zWPISnX0,1
9BrzKQYJWfIU7C2whoPT,1
9dOVJRHAPot6sCl8pNMI,1
9GbaPIqT5v7yWx6nhVAZ,1
9hM3zF2cpYv7lU0fDWb6,1
9IofdUYy4HPk5Vubwpn0,1
9IRyEnuKQWOrlsY3tAp7,1
9JN4L3y2vZm5qUcdglSu,1
9mtbMFgPXsYR1eyVrGIf,1
9NeB3O0anTrd71cizjRS,1
9OufdwHvaNyjoQBbePC4,1
9QBKDfUpShHWvb8LqZdc,1
9RM3upgzNwZhfEPjqecG,1
9wx1K5cD6LUAlQovYFGi,1
9XaJfKvR6QwiVNk7qGd0,1
9XNvwz6TsGihOWSUodRF,1
9Y4nW1Ko6FcNVtOG7qTQ,1
a0IC5NMWt9HkBdfOZ8nK,1
A41Ov2nFcx8flziRwrap,1
A4L5MciWJmYurOp2RxEH,1
a4PmI3wsHL1OGKMNilon,1
A6jFXDy2zkKeBunWwPaM,1
A6UnWK7Eo8iVp9NIBmRY,1
A7fDZiS6LavrYlsRGhwj,1
a9oIzfw03ED4lTBCt52Y,1
AaWxK6vm9kyePRD8gJLV,1
ACsEI5cSDYPJNXuLfnB7,1
adS4KHMlGWqDIreO7T8n,1
afdzA0BVnQ9hPYHlLiN5,1
AGzOvc4dUfw1B8nDmY2X,1
AH39VUEteRv0NKxObQky,1
ai6RNWfqAFEr127gC5Jz,1
aJUhD3tOxobC7fB9lMkm,1
Ajy4saxIMJfzOi3CcH0S,1
AKOaehXvrGbP8cR3os1f,1
AkOyQ3YexrD8c9hdnuJT,1
am8l5JjrXW2hyn3FS4iN,1
AO5KXv6mBVNe3nzECIF1,1
APHtWI0Cm8T2yK9ZeBFM,1
aShLCkEAv5R7uo0KNTWq,1
ATbzQsi38vP4cMwypuRo,1
AtOQsHM021G6RwbeKBUk,1
AtWjoFLHmYaelhIfzin9,1
auUCQGeLSRt8YmbdnHK2,1
awL7j9SeuAFY4DqmtBCo,1
aWN8UkuiLhlmHB2nxo7T,1
AwqyMtJmpSKGOjxUBkdn,1
ay03bVKipBNvIOgAJxFD,1
AygMUQ9GnsVrSlHtO1IJ,1
ayQgeJDwOtlRoBspqfAr,1
aZghyTF6u2VcPkHsEqfp,1
b5qZNQRzLp6MUlfHisoF,1
B6ekpnjGHXYEybfSOzP5,1
b6M7UCAPBipODxKLZSnv,1
b6tjpQeGi0dIFDCnMq13,1
B74NFkymijZMaKAdVqY0,1
b8Zi5NAtq7mysdLGIlMx,1
bAPu2lGC9t5NF0EvZU7H,1
bBnuyol7tOzxpjG4MZ8e,1
bfRpQsFeqZN5BVrhkD6S,1
Bhs2Pa0NyQ8ArJW5fq9R,1
BIGe85AY9yEHOFoh74ap,1
BIHLcoqT27fn5bgJsGvr,1
BKpbxgMPWUNZosdnO8Ak,1
bLNmOAlhUHcBzatEePVj,1
BmTS4hd3V1wtZuNEeHJM,1
BNE6GShMglcenpr4KAFq,1
BqMf1a4lXre5iLzPZh7j,1
bQZP8pT9VRCnk0OM2Etu,1
BRHGMC6IkeKx4LjfPJ1Y,1
BrjnTVGRdhciKsH9Ytxo,1
bRK4QxagusfH0SyZvwrp,1
BtLTcn2EOadFGRPsKqYz,1
bU4AfGqVvWaCRJ1ZuB5p,1
bVPTFMfeAG0RJmvKYdWL,1
BVt1fum5EzksNPAx3oWa,1
bwIsm0aUWXYvgFABhfTR,1
C0uidNjwV8lrPgzt1JSG,1
C2spzDaAf6rwHJ4tBgFv,1
C3Rd8zrwsm1FeSWhou4v,1
c4U1FrbkhoPEIXjCeYgJ,1
c6tLU5OoSs7hqI9kmQVM,1
C7Kn4Pc3blWQFN5EdJfi,1
C7mvkduNUY3QXfIeAzOn,1
c7UNyx6wGJhA1uCRBaf5,1
C9PFtgsrewd0ozNGmHnk,1
cao35UlR4dib9QjOtnfI,1
cb31JMkpPTLmiIzvYjh4,1
cBZySt4C8Pr6fgNWLezh,1
cCNBg8MTira9eyZWLlsm,1
CdbgJo8peBERKZNyQTYF,1
cFgalWD7f2m5PHxuEULA,1
cGNfA8C9wh1R5grDKQjX,1
Chq2jb7PZtFyi9S3eYUA,1
cifuIp4YRgK1Bjtw7X8s,1
cJgj14pLIFQB6wuNeThi,1
CL29qImguW8Jefxv6yht,1
clykXHZJqdY05zKOmLae,1
cMbvh0ZxLKN9i8OfH3nI,1
CMG026XfShmn3FlwkaEi,1
CmqH2NFrlY4EyvzkTW1S,1
CNG4WO73MXuLIEmhaRcz,1
cNVK7zn0aZ2o8yvDIpYm,1
cP1LKEImqN9zQ5eXpodG,1
CpjlodZOi1La0WtA8QuM,1
cPLlgOTeJ2V6USpFomtK,1
cqGxW3T4aujrSBlIEzX9,1
cqoIY36dhwfDNrnlHJsx,1
CqRBQrebnK6WNFOI4lDg,1
CQS2WYL4Oq1MpZnNfJU8,1
CQwNADZxFXBh9fUlOuao,1
cSMXzpQ2q4nCy5UfPBg9,1
CuxeASFn8t53UTNl7ZOm,1
cwQYBjsoDvAz5MNK8nCR,1
cxCflUQEJT7mNFg08KpM,1
cYIil3ZrukB1pV8Uzo2w,1
D1izI3f6u7wPOYSoxRpH,1
D2FbBoJAweiY8X0pxTOn,1
D5Xw4lat8OPszQYGLn3c,1
D8CZQeAKsq4fiorxGEPp,1
DA8ntQHk3jbds6JCVmq9,1
dBUrN5KIgLCxvWtqRocm,1
dCEqh8eBojWtI5gzR9yZ,1
DeF4lxzas52qS79RduW3,1
DeGNyXCZqw049mUMEpoT,1
dEPvlBkpJb9sWIDfAaLC,1
dFHf8NmMGkjsXULCnYya,1
dIq4Y9QGDh5yJ3lP1U8C,1
dJ1CDAPGMBEtq6RNLYjU,1
dnjpE4cXfYkTAUOVPaeL,1
dnKrSUxLP8CVasfbuWyl,1
dNyq0DTYLUsAjOki2gGZ,1
dsuIp14XKzEt6kU29yeV,1
DuejROmZzVTIyQi1rAF9,1
dWy5HfqNGPs6vwMxB1m3,1
DYLwkzhKnNrxZ1Mf7yBE,1
e0Yr26MQJovX8cdCV1tU,1
E1ALI9eYXgG2Nk0HOoby,1
e285vEry1U9RkNdZhG3B,1
e4iYSqVAjGJZwfT5orak,1
e4UyrvS8HOX5tFqGo6jd,1
e6woXQkDrjFVxIuOtdfh,1
E8IMHdqlogmc0CPVjifS,1
E9zHekMCv1oTD6yjrI3W,1
Ea9zrA0G5hdRBDt83LOI,1
EbY8v7pBHjTOf9Qrxchu,1
edQak1FWxm8oPXDvBAU3,1
efsEVDcnA2bP1CZILYux,1
EgBSwQp9j7FO2cZnehvm,1
EhCda1DLfb93XTwc8uYJ,1
Ei13CgdnUmLFwta8Y9k4,1
EIl9Q8FRt6skSYXTzCw3,1
eJR1GZNjwOBTaf58dVmp,1
EKHlPBcSCXqnJzNRi8uj,1
ektKGDCrclqfQs4WR7U9,1
em9MTZSzEYVA3sLFnoHb,1
ePkWEsumiFcf4S1DMxJI,1
ePqHxpGIVMYKlj4DRJcC,1
ePzxjFayC48I0Xb9kuS3,1
eqInOFt2ZP4SlJWpb75K,1
eqMWwQAI2cUVlvi4a5Xh,1
EqsrNxCPLfbYMlyUe9o4,1
Evpm2HCFWB0buXNO3kQj,1
Ewqh9mNWcFsjG0fr5DMB,1
EXOGAWFx2bptklNmwLui,1
exPVYR5hK2tpB6riD3dn,1
EY4FNVtgO8Q75rCvcIl9,1
EZ5uGxW3X8DvKMTcJ6Id,1
F1BvgrkuXq6zEfUsHAVG,1
F4Yfxzi6htG1ReS0M7Z8,1
f4yXsejdYaOhVN71JKD3,1
F9nT2NgCsbrhX8eqOp01,1
fcsNBbd6HYTaQAh5Mmq3,1
fEdiGX7rSmvUhQ0MFne5,1
FEDY3WZIpvTcdGrqkObx,1
fEMdwkrczmt7j0RTL14J,1
FftMq5zTYhDgRyxv3wBC,1
FgvTQR7Y3AlqDZxtnhe8,1
fGwEMeBFc0JUlpKHONsa,1
fhPezOdViLjBl7pyaFNw,1
fi4BrAl2QgjNsaubUJSE,1
fiFAPn9E6NWzh2ad48R1,1
FKPI2pwaXBJkOsfNYtd9,1
fMeAgYJFGl8HSPm7uzEI,1
fmkRebG1W6wOaUM59rxD,1
FmLkTo9MiyNfSdH5el2Q,1
FOgyq9S0TIH6hzViMN1B,1
FpRwW15YzghCByLxi897,1
FQoVzMSR1ub35GBHcUCO,1
fqzNxg17suJblKLO82V5,1
FQzrcxDH57n4XYwUltvb,1
fRGWEv9TLIUOnhj0YV35,1
fTWrspAEHwnNFdCh57oV,1
FURh5Tif1jXCzZGqlHyN,1
fvTz3rSPVQJGelO49Rn0,1
fVvJS4yEYIobqw1LHO6F,1
fwC3QFVbKxvhS02mnTWe,1
fy0va8HcFThxnBX5UMbE,1
fYUD3GcsHp2JBE4Meg0Q,1
Fzb57KXGYB0x6yJErsN1,1
FZVH8l3PLuyKCqW0me62,1
g2AGZaLeRcbOUs01S64N,1
g2kbzAYTnm8WeHxNhOMR,1
g4CLOEmB0R9YxXtejbsv,1
G6RpHVm2BiA19FaktEl3,1
g6WEbHmcKApIY3rsZqzo,1
g6ZYW8n9iJToNFMS7QAy,1
G75QxhRIoP9Tg0KAvLUy,1
g7xbdzt653NRcGKF8WU2,1
G8nd3QDysqeJ75mM0uTZ,1
gA4NljxR3YfOIeSihuzJ,1
GdRjCWQ4UJSXn207YEwr,1
GEaJRH0xlprO3C8ShcQK,1
geCboaYHQ2LN4GnIfZF6,1
gfj1rRXDkia74OU9bMcJ,1
gGbvOKAXCB5047PEf6aS,1
Ggm5d6VvPXjsCAKzI8B4,1
GHrFo8dgAwsJSV5kI0vD,1
gI0oq52JWKxBlM8NFiuk,1
gihQaFE1TSuWw3BCcAt8,1
Gjhdytn6p73ql28OckQu,1
gjwWSlnxq3Et27IeZD5d,1
gKnWZP28Dr4s5YoGybT9,1
GmEAFpP5ZO0suwaNIeqx,1
gQkYeuWndpbftU0L1rR7,1
gQUkyb9unAj1ltqeFHhI,1
GRYhfsPiy72KcE8VaeqF,1
GTu3Dj92zvP6i5oVACHb,1
GUryk27wO8MAsjvazqRI,1
GV8REsbW0g7atlTBDXC3,1
gW1ky2rURczMSTb3Eq80,1
GxB6dX7o5E0cP9rTnb2g,1
Gycu1WC5mE6BzMl2ArD7,1
Gz7eNQgydq6s5TDvm9ft,1
gzfI1PqVjhYlkHBuTFLm,1
H0AQvoZrzgbPiMtdeUWs,1
h3sORpAu1ScivEPIrBl0,1
h5gMG6Y3duSDeNHvFLzA,1
h5qkERdnvU1xPWtSNQOi,1
hascDlfInApRdyZVFm1o,1
hCP3n1Ws5IRjMAoYBufJ,1
HD1W2pcn973X5YaQVBtv,1
HE4py9ln63A2hQzNcebj,1
hEHyIjpekGRvX375Tt2s,1
HExR2koQaZOBwnK4qU8m,1
hgADmCjLzUl7Vw5S4Gfu,1
HgSsanq9f8WdJ1zEN7tp,1
hIlHiET8OjbuW75SYqP3,1
HipXT3fGelugcbwKmkCv,1
HJ3G8CS9f4yVmadQ0tOP,1
HjhNmc60tkrMRQZ7Po98,1
hJO6AGKpk2U1PqiX97cr,1
hK7qMc3ZHmF5e4bLfCOj,1
hKfRlZvEnex48Cu2qzFc,1
hkwv0zui5laA6Wg4V9c2,1
HlayB2R1ZFzEQkw5oWrg,1
hlIJLBno6yzq5sj84mfD,1
HM8jyTb7ioG9sSDn6htE,1
hmdGiNLnFsEK3kD56aBc,1
hNuROkBgEDG4UqSnZ8ir,1
hO5E7Bs6r02fpo4UGZNx,1
hpbVtc5U0IS8LuGz3d2C,1
hpCo0vZsbigG5wLEjUqS,1
hplxP3Se6N40oMBqY81v,1
HPN2K5809L4JV6F1c3rt,1
HRhfKEvl2kTVqm95NQ8o,1
hrMLJ7DFIfmUGPB2q8y1,1
hsbekymnY8oqAfL3Pr0O,1
hSvEjCqKdFGUgplHiX3s,1
hUnbTXPgD0SRmK9LVBu2,1
HV0ctLUKfW1ozkmC7BMJ,1
HX6v3R4fhoAqWBYUQmKp,1
hxJMtUIZ7ABgjblFrGaw,1
HyYjp7w1oiVRl2zaWcsS,1
i1kqNORFDrEeHIdKuSy6,1
I2U6ZBEdaDK3M8uGOwX9,1
i3qU1dflygzHrs6wuB45,1
i6j5cGQx7h30nIHvzgJd,1
i6SI0yPxJMhlLORK7Qe5,1
i6TQ10pXmCELtke5PhoH,1
I71BDJ6odkpRrwzqN2uZ,1
I8qMJAXkFsO9CQzxvjK4,1
iBT1K8E62rpmG73jN9VS,1
IDAJBOwSRGzNd6icULMu,1
idM9jgSrFceTfECaYGLs,1
IdZTfRtJk1hvGaei3P4A,1
iEQqVxmbcTeIASF5fBjK,1
IeyQM436SZoWp5ndGERg,1
if0JHIlxvu42A5aDjh6b,1
ifjvkSFEylIoYORhQagL,1
IidxQvXrlBkWPZAfcqKT,1
Im34xwvrNE5U2FGfuSCH,1
imqELVF2Hf3ZG1tgBAov,1
inedOmh0W2384wSNLQ6q,1
iNqCDB2ehnPTloQJyWbU,1
InZ7pDWkg9MAcEwU2v3O,1
IO6DAy90tiLWnlPEbf5K,1
IRE32sreyaptx70cJTGb,1
iTEz2rB6XdsZIG8g07lK,1
ITZQmUtjYaHDxMonFrKC,1
IUTWY6LR7GmA3t1HPJaN,1
ivCgUA1qQHpxnX4bDk9l,1
ivhYSt0cMuU8bwy5zxAe,1
iVTe1IrhyJHjfO5246Az,1
IWhovBx7FmlpzN0u4tCg,1
iWScf1VBXaT78d5qDJFY,1
IyrwUl0Mb2ODRgcVJotp,1
iyUtG4AcZWHTSbjwM7DL,1
iz2uT5qrtRNcM3IJjAhb,1
j2hkK8Mviq9Bpy0rTmz5,1
J4zTlSBqN5r1v7MIYHQm,1
j8FwWsmQaJ6ryRVPY37G,1
JatHiWwG3Amc6VTXuSqC,1
JchT0OvFpwRX9beS3i2k,1
jD1ixXdrn4QfJoZHFA02,1
jEhpv08m7FOyKwXYoSs4,1
JEULek2arB86vPXS0lDW,1
JFlNr7Vo458dMxwQz6nh,1
jgADkcnCSRavse34pTXZ,1
JiTOus5PgHU2kIfnw7eG,1
jKxs6EIpRPOWuef8XykS,1
Jlcr6Ej1P3W04SRGh2Nw,1
jLSyhNpkoXDKeBmE5YxQ,1
jLTUt74V2vSFp1lcJ5kZ,1
JMngbfY3PC5WkjA2iSvH,1
jMUPQ4E1FY2HC6xXpc5r,1
jmw9eDNhFgEXaOubnpxC,1
jncwKsTE3Yz1Q2UtrSvB,1
jNYoKIwy2RzQrLpcf5mi,1
joxy4nGdLbYR187qJMAN,1
JqmwBOLiagP4M2XkErvC,1
JrFfspKABcSqx2zmTnCg,1
JRkmlOCtMWc9j1o6E20h,1
JrMZW1EuK2mi3PbqojC8,1
jRz5yerg4LuYHV1oFtEf,1
Jt3kj7AHvPdRfL6yCh2n,1
JuAyLarnUdx5cRYT1v7M,1
jUK5O9P6bJSAiMD0ofQy,1
JunATHDXOfYZFlRpahV1,1
Jved4Yh29n1SIkfwZW7j,1
JvYAOiUV3zbkR6hEdCDm,1
K18LQkydvn2l5HUxOquT,1
k1Jt5Q0jR8nAo4Fq3fzp,1
K4M2P0EmlI7FxgSdXQD3,1
k4rdgq9jn7pchwMZ5L8T,1
k7Ie4EzhAbBjunGgy3fQ,1
kaCP4Mghom8e1ujB6HY9,1
KAGfZUyown7ieqDOgBYr,1
KCtoQWB0q1d9wUF8bHxp,1
02JqQ7H3yEoD8viYWlmS,2
02K5GMYITj7bBoAisEmD,2
02MRILoE6rNhmt7FUi45,2
065EZhxgbLRSHsB87uIF,2
06aLOj8EUXMByS423sum,2
0A32eTdBKayjCWhZqDOQ,2
0akIgwhWHYm1dzsNqBFx,2
0BEsCP7NAUy8XmkenHWG,2
0DM3hS6Gg2QVKb1fZydv,2
0gCmlyxw2UJvX7SNOGqu,2
0gDsIvrylX5fPbG7cSBn,2
0gUpzkLVT73PCXx5WFRI,2
0gxJ1YmwFUvnOzoM8N53,2
0Hlm4XgE1cQhC6BkMays,2
0Hn2ojct97Wp1TbdNM4Q,2
0IAlcuEiP9G6epb71Oom,2
0isdESDMzq2K8T6FLPcC,2
0JECiqrVNR1dgj67pZue,2
0KLUAMqmPJhOwaYrbSCE,2
0l5IobyKpuqcwO4NxfgD,2
0LVqvlHF8PuepodIiBUb,2
0OfazrXvcTqVYi3dEGU9,2
0P6tEopzr2mIhkuOKiCD,2
0SUAyQWoTeZb8qmIPMK3,2
0URC4HAzJrjWnDVMXF1x,2
0W1RChtwZvj4Qy78GYUJ,2
0XEmjdgVyY6hWfKulvCi,2
0YCvp8xd4rjiDMKFV9PA,2
0yjkG4BHeCbTimIslgr7,2
0YWidX9hOD5sPrtTvc2M,2
0ZiAjFN81BOE7plhCnSm,2
10H9detwuiZByNSRMmxf,2
15tQNEDpb0mi63kfOWM8,2
16cTMtKIjH5SbyovWuBq,2
1AfYJKywcXSiI6H80nqE,2
1AhLOsNdHzDPfJrSXmQC,2
1awXjkTQiJpCeDV7dL8m,2
1BYZOXRoVfhtQGMJnkST,2
1Ch0ZFDqT9PzkGbSeyEV,2
1ctXu0GAOqj23STKWV7s,2
1cX2xrbYwzdaM4mWuoCl,2
1eCQkhvgDSFNXYLJbAdj,2
1EWLhwV47I6HYktzXsmS,2
1GqxsQhZ3FutTnbgHpAf,2
1GRsOmJXetEkqIraBuSd,2
1hfkVAzp9jybt7YKEBrF,2
1IbqA5sdXj3P0CMOGmiE,2
1iPIVbHFlw5Mcyn8D2Nu,2
1nsIO2yMfHuVcFxY7Tlb,2
1nv9wldWsg0fU2hEcKb3,2
1OicKZzbGP3sLDnhqWdv,2
1OTMQ5zCn6hZGPdBcEje,2
1pbue49Pjf0hxXSNlnmH,2
1sqBw5DpJaRkx4SlQdLY,2
1txR5rhb4MwNvXuPAFpz,2
1XKY6TxM2eICFymS4AsN,2
21S5IzZvPWd0MQr9yoq4,2
24DYHUbwxidKLV05Genl,2
25jQ4xItcnbB6Hfo0E9T,2
27fiQdcEXxeyWoV9qu8r,2
283STBsQaI7Pw9qf0tjy,2
2aDRThoversxwf5BSlJj,2
2bf65CdkZTUGXjzq9KNJ,2
2ctFLBsIi5wEPAuXKxZv,2
2DbfJX4WgzP0R8BwrHyS,2
2fJyCR49hpGrWIZ7F6tH,2
2GIqt8Rpx7uEHrWCdoNg,2
2gMFLJAaNEkx7oWRwl54,2
2hTrdmFwQlPRMXUcyA3E,2
2j6bnlrCgNW9cvm0KIMH,2
2mypfAUu04n7R1PBMLZq,2
2NlbHE3LTPkmvV1COSJ4,2
2NYAUVgtXPpbJzRQO7Cl,2
2pdHWrsICS6VPXhfyEwl,2
2pyCH3bsa08OgiokhEYJ,2
2PyleKgax4UEbIQq1MLD,2
2sf3AQd9MjP1xcLFRYyo,2
2sHzcQk5T1UExobShRmF,2
2TqmRPjbWf36enxUDGKQ,2
2u7gO3U9chnEMfbP5oaF,2
2UcBWPt6mf8dohDsYxOR,2
2uRxGAsyiWeOE7apNgvh,2
2vfzAkDRd5PYmSwVqWx7,2
2vQgFHCYq9wfb8GOV70B,2
2wCPm7giSGuRejqFU0BN,2
2woOYK65vEk9LXrjDxmS,2
2Zlt5IE9yexj3QM7N6cP,2
2ZoTE3iUtwFfuNAYlyOk,2
30bZwzUydP1hQD8WJcrL,2
31q6gcPKtCp8EQGj7yTL,2
35rbwhMGTxqAWjuFt20m,2
369xrHyDKegPqFMYWQJu,2
38MtDCdfSEF7BWhizVyL,2
3AVbapKO2BYJTqtfMv5P,2
3FNOSAujbRIDnZqhmeMo,2
3iHvsmdx7DauhSPKfec4,2
3jmcq4dRMkXIaL70EWCT,2
3jSmwkIGpJQCBul6gRYH,2
3KULnNj0pW9RqwyzXHIv,2
3Lrcb9Md4Isugz5alUK7,2
3MY2qTOsQzVHgrNoa1Ib,2
3Oy7QgdVxkjuEsfXT8B5,2
3p1PbuZYL5a0XcqxNTdE,2
3REs6WCVf9hwnoFz1Ykc,2
3RrCi87ovZ1Qw6WuygGB,2
3Wi8BgsVyjH7oKbEPq9f,2
3wlDRWVC76fdAFvYksmj,2
3ZvD4c8oNIOTib1JEfMa,2
40ofYnDCl8TKJXwyGmrP,2
49RfyxpQP1CzvneWIG5q,2
4dgyhKqaZbAvwx2eXFsc,2
4EtCMF7yKHU9ucr0g6io,2
4gfR0YmZwOW8NvLSiXnl,2
4JyQWUq9cs81pFRPCaBw,2
4KOceFJiZ30X7NtS9IL1,2
4Kq0NxdX39AckSV5F7tm,2
4Mt53c8yqLWdVzrUoFOP,2
4ODnoUH5ets62Nal1yVx,2
4qp7Pt6bcHkjuQzlgN9R,2
4QZHhpPAOd8CB6e3gtxR,2
4rPqYhEtQoegNG8HuCFi,2
4sY5wVHK1fL7Poim8cJF,2
4UoAE5RzKCHVNrm2YQnI,2
4Z17cDB6CQHvsNSxlwkR,2
54E0DyGaQ71IzcCgMmjN,2
57w4VeFy3QZx8PNk1rv2,2
59ja4ZLzRKwVFnsoW7fc,2
5aKDs6zNCymfEixZvg2b,2
5asM8FCGzfhLJI3jBXo0,2
5CQsuk3ygnTmHKEBDbzZ,2
5dNsph6uJltkZMLzTP0w,2
5elYuDEtgZd3TLHB1jVo,2
5Fqil1r6ysjp98fMRNHk,2
5p2yY0MvAQGXSIuocmbn,2
5QEDgGFSnVXWJLxUouBP,2
5RB4kWetM0mahHf6pAuX,2
5RLpu6X1wbBZz4cmAkh7,2
5rtfSP91u3LJsbzMVWnw,2
5UMRAY6vFx0adLKH1skc,2
5umzXcwQLU9KGO0aqTZo,2
5V2a0gIrnbudcovQXh9W,2
5viPYD8szeboRyH2C97J,2
5Xc0iAYjsG7ugxrZNIoS,2
5xg1AGWM3f6rzHsa2yP8,2
5Xqlm9iyQrt7CeafjhkS,2
5y4KkCXDrLHbgTwSfdqm,2
5y7unzV4XiqDwCShjNRf,2
5YEafCpxyFcNqDGl18TS,2
5yl20B1IoetGVjsQFwP8,2
60Dq2jMpxvi7GFV9EmOB,2
62v1di8prIYZuGkPRFab,2
64vsfK12yBanCNdexz35,2
6BuxhyM8GH4bfpVrjOzE,2
6DmCqAs0tFKxGe5aPzlU,2
6fGrBcm3LauS0qyoYHNj,2
6fZSlHiQ4K3XmgsrGb50,2
6GbjZn4wEtWSkrJUzoVc,2
6gObYqkiQC8R5ptdr9UN,2
6hFQvE8Ae5NfGVkHnC7t,2
6I2mCQyaF1OJNEkvqHcZ,2
6iwXrYeB4ZSlWy5Tj98L,2
6Jrdwx7NlTG4HuOYPvBn,2
6KYwD9A0nHtT2GmcVgES,2
6lYnP71M2umQ3V4jJdLk,2
6m8NxLfg2MR0nwXFuEq5,2
6nfXBNI5d4jOkgmEDF31,2
6OdWLjiyZQzgchY2XSTl,2
6OiPhkAuq2Zo1MxfDBNT,2
6SloMR3muLUqbWpYKr9O,2
6U7aMPmel4gBDkRCnt3E,2
6uHKJ38Vs971CATn4azU,2
6VPW9r1FYoH4MDJfv2qE,2
6wQzVGgRDpW5ZuAMO0Us,2
6Wu9TqbGHMPOCwpZNIA5,2
6Y7KC0nLeOUjH9mpEtFh,2
6yYp0scglSrPHdnh2wJ1,2
6Zf39ohpMtgQIBFcjKXU,2
74Or1zJIqk5bcKE2nTLS,2
75qSAohLWYb60Hs24NUF,2
7BNLHFXEAJRS1bwZxziq,2
7cUi8xtw35ESNMKJsXhD,2
7dYo5p6fSV0rkgqLvzbT,2
7ED0sQObTcBd6kL8IwJU,2
7eicxTZ3pDPf65O1RLXg,2
7gbpotqxaYGmMzEs2Uyc,2
7hm0veuHiBCFWcEMPaND,2
7je1xyz0ip59f43nImHM,2
7JjQBd2CAyvtgYlSL0e3,2
7JjsOZzyXR9ScewIoMTp,2
7jyrWaVeJudkHi1fgPT6,2
7NyOEfMq1nlsaVHhbpQw,2
7OjDaWcAZhmgsMo0qS1K,2
7PNjmAMet9l83cVEDa1u,2
7QPJ36MV4rktjX0H9GLq,2
7qXRGMD4gi8VkIWSjyeF,2
7RwQrPuUbtMo2HzkvXps,2
7SAUNtQf8RMmL904jxID,2
7sbEMLcRn1mktlNwzdxW,2
7suvOYcA5hQI4Zk1HtMo,2
7T49Xi2bgMIxcAQKdfky,2
7To2l5mzJPgjGIUWu93R,2
7uj5dveZfCAg4MWnorY0,2
7VeTJ1QBWrkX2zUCjFM6,2
7xeFLDBbNVWZiM1u2S5t,2
7YugXlfMmCe1TNVnjkAx,2
7z03lVS5IJ8wOCvQyFdZ,2
7zr2DsIWVvgJmx3ik4L8,2
807vR3GqyQpViHKxNWn4,2
81IgT57cylMUNGbLkiqm,2
81ZbxYRAu0SEJOj5NsgC,2
85Mk6byWNR1wCETYisFp,2
85rKfZbF1SIhMdjmux2N,2
87tNO4MR0FzxlyPX5fL3,2
8aBc6ytRQ4oY1PwlKDhq,2
8BpCogQzxWahjF0wnOAD,2
8Bywd5tJUzgqbGmvcIS4,2
8cM57th1BVwar2szTENJ,2
8dlCjM1YApWuSsQhLoqG,2
8Dz5Mb1QfxXTJESniLsZ,2
8FwCkM3quO4Kryfa9Voz,2
8gvOauLJb39wNfdAMDt6,2
8hDUof2mPnSXuQZKx6CV,2
8inLjyQfkReMHmNUE4qg,2
8ITycVmn7jY6AGDL2vep,2
8jMu2sOJQ6d3UD4YiBmA,2
8KeOIvQaxRdsU7mu6CrL,2
8NJoTALeEyqVa7GpwKFO,2
8opVwIYrGLN2JUdac0v6,2
8PZwALmTpNjqr3Kt1XFz,2
8q2L1eRFEIXKzo5tuSrC,2
8QoDEdi6Yw2kUmzuNAcp,2
8QRIkDJS4bgy2nEvMhfa,2
8qS24bT3O6CyaxpkXnoN,2
8rSBUFw4tsPubz672vET,2
8SylerqC0fnO9xQ2NLwt,2
8tAWCdvzYj7s2G3Ol5Hu,2
8TDGlo5eQ9m3YSbZMKBi,2
8uI6s0FjMC13OLyRcAkw,2
8UkPtCpjVyIMKTLwnl43,2
8wCvNp0P6rU7iWxDyhuE,2
8Z3061HFCR7VUzK25iGx,2
8Z4xPFN1p53thUcRmJSH,2
8zu2HtsqpndNUMxVrIG7,2
8ZV9IwvAeCONWD5TUJ7Y,2
8zZyd3OPxpcw1NCRJBjo,2
93lsPQvIXLHNfCyY2nVr,2
97XqpfurOYENh65VoBGR,2
98fBSiA2Nul5EzmnC6kt,2
9A3aCDRujOMiWbzGTqfw,2
9AeVRcUy4nGNCjL0WdKt,2
9akYgqNApZW32UB1VIrL,2
9bj5QR2oHpZd7KiCGxFP,2
9BsFXp1YPijRvhCcdA70,2
9DvQRmFzYk1IuTEtKU0c,2
9FP8ck1bDe6ETSqAIWLG,2
9fR7vAU1yrnQqJxLFgkP,2
9hd6DsViftagyGO2NCKe,2
9i7HAYD15sblakCpmF4V,2
9ilHZxJ10UtOGsFQfDLg,2
9IxlHe7TDc8iUFbGMumO,2
9LYUcoVkAbrmnGNIsfeu,2
9M2AykB8necp0RQSUowZ,2
9mKvw8t3d6jRVfnzsDIJ,2
9O8j0WghzESJi6e3yU4q,2
9p7VxgvYBPL4r6kbzasj,2
9QdfreIM047ZpNmqJSvt,2
9Rv6M5yrfNHhIatUkBql,2
9wEhXkNovYrGb6BD814j,2
9XqeCuYvWS62VE5giIz0,2
9YfuCbFBxaQOMGpVlEKZ,2
a2kGbpydvCzMVtwNR31K,2
a3Y6cPAMIQlVpf8s5S0C,2
a5nMiy8gBFtpuGTxIv0W,2
A5OeVxySE4CQGuJqtm9P,2
a8gqeKmEjbJIiVXUZ5DH,2
ACF132sPkrMtUhR9GnVZ,2
acmyYPxFCBR5jGoUz1JM,2
acxojmFTMUAL2HuNfeQd,2
ADeT217ZFlhNGQJV4mHk,2
ADMm3H8ELRwcpUgjId6K,2
ADzc7SVJd1YE69kCZv5y,2
aenC1XKNxyYq7S9B5ghJ,2
aeoETp7ktY2qAxGcBvfm,2
aF27JAotY8IWj43ECOmu,2
aG3K4v9cinAygDWmT0Mp,2
aH9dNyx1jZCzwbJYW3Xl,2
aHDLR3gnyj7lOkNiAXfC,2
AhiDaKuve0wcdIkz82OL,2
AHpF5eJXfm0TcdaluMbt,2
ahvGI5RV61PQdjqEbycM,2
aigX8IufVpNM74At9sx0,2
aIKU0rgABR7pNQzhZyTu,2
AJ2hWQ4bKcS5PF93wEOm,2
Ajcs0ECN15RQ237GBbof,2
aJtXlTdUzZGoEwB3i5Pm,2
aKrHT4bnlU2gRwJo19Nh,2
alcYZOnCkyWJvrKSMFHm,2
aLiKUXzYE2vSR3kle74Q,2
ALk7nXPtb84eCUWd0lGv,2
alOQxMJZq1Idnt5Dgrim,2
Am7nEVXHePkCtqsdfzG5,2
AM9IXU1wJ5PHfNqoVyxa,2
aNBpfsEkzr29eQC5HKUd,2
aQO9Ltn3WzvS7dpZ2XIb,2
aQXjIr1BqHLyG2YEvVkm,2
AqyaxRL5DeZEYM2Tomj3,2
Ar1a58UWPkFHSgKpiZcR,2
aRQCxG6dwKMrNZBgbzsY,2
As17USNMXIZgoiYjTyaC,2
ATDpmb5qodJ1VRrc9KNg,2
atGqPui5xlRbN6FDWhsZ,2
atHAQyVSuXhR93zYp0r7,2
AUGwdgy38r6v0XhePCnL,2
AUKiNRGJmyBCkVQ4uXjf,2
Av2JeYcnT9E5GxQ81XBN,2
AV91H7oUtuadsjy4ZJQe,2
AVDWo2feMJdbXISwBHm6,2
AvSqZN4QKiLxhE2XCObo,2
aW5oFKLR81CiG2ly4gbw,2
AWvH1TG5Nym0UCkLRuPo,2
AWzci9nKT6fyXd0UIsQE,2
aXMsY6r5HDflGbOjUcu7,2
AycKDSBZqFkTC4UVnPRi,2
b0HK7PdNL8Z5omGsTe3u,2
b6zyst7BLp3NKh5fEgui,2
baFiIOemUNYgJAqsujL0,2
bAZhqgSnCfNdXPDptGyi,2
bcEJXKe3M0lSnA9DPBGr,2
BcNRwpZCKQdV8eLhUD1r,2
BdgfJiVGChknbcSDUI4Q,2
be2nNEi3PtM5ZoLSusWv,2
bExZwys8aDPlR9oGX2dW,2
bF5KEHN7mXfvktqOQxzd,2
bfRSxLKkthU2yJTgYePo,2
bfW5kuzpZcGC0SmdjLi4,2
Bfwzv7WUD5ucy9t0qrMI,2
Bgqr8AmHC7WFak9cX0fL,2
bhwUq2yFXYSRvVH9JEW6,2
bIhCLfBGkE3UYrJQcS14,2
BiHmc5bPMrnvClfgEw3h,2
BiKc6IFPEovX59sgzLp4,2
BjaLF1KHchGQlUrYO6fn,2
BjL7pyHh31cqui4UA8Ge,2
bjnMB75Xxi2VQOR6LSgC,2
bjYnW35luS8H4QGpr92E,2
bkyRaZK7X1lNBeWmDJGV,2
BL4pfw6cq3UJEiC2Ivuo,2
BL8iztEnm4bIVK5XGsS2,2
BLTSJkglMdceD3sv9OoW,2
BM2GyKLQuC3bWXE81UcP,2
bniqS1ycfOAYX8a2Jsw5,2
Bnyr5gF3Q0SLeh7CEdoD,2
boI83f2ylvkV9ag7NDxm,2
bpOR4jctxD03aysPq5Qd,2
bQepsKFSzxt8Pfk6qGaZ,2
BrFQSqw8ejGomMlh6YtE,2
brthU9A3nugqsSwJ6BC1,2
BSafFJTth4U3uibE6sZO,2
btAy2hf1qLaTpzVPUlxe,2
btfJ456hq8T3vU9DZjsg,2
BtVdFlwcQGAkLhZ5Pp13,2
bUAOl6u0gwLvqxBHJjeV,2
bUdgzZroIDt5lqNWy3jM,2
BUPD1HZCoxOlY73siFhm,2
bVdu4ML9qiRgTCSvjtnG,2
bwcMeNJ6duOxi2q0GQ4n,2
BwN6PaWOZGlQA3DgICEx,2
bWRYhgXnwv3FLGMCdOur,2
bYkPwIV1E3ZozUL0HvR6,2
bytpBoAvag09TNfrLSRC,2
bYvCdoTMQypIa367GUL1,2
bZ673MRJnFIlwGpj14r2,2
C23GNv6fP5JjLdrphgnc,2
C24qXnmbryhO8LzGvaTF,2
C3bFzsgkTP1uHDAmxdhp,2
c3PhRtdH4SuDyLWNQXa6,2
C3rzsiflkeKIoJ49XLA7,2
C4iJQzFIRWB19USfsaVw,2
c4jU5YD9AmPipweFb7lO,2
c6Da2l807vGgAbYnUjPm,2
C6tAxBY5P38WivqHs1uG,2
c8BfFP6iYEIRaUxdGtmX,2
C8y1gmcfQhlVwLY3nUXz,2
C9ekdvy7RxlMIVBGg4Wj,2
c9gmWqvaiKZANzUreRG4,2
cAmPglvzOGuwNCYo7Ihf,2
cAONsUkT1g9aEwBKXvxo,2
cARj7FrG15WHEQikbmBU,2
cB6oyxT05IEOijZQ1du4,2
CBZdlHELuV4rTPSb0sNM,2
cdgKHZbChnaLEqFDRjvm,2
CdoHWZrkilYB0mQEyjgp,2
CdPQSMsoBxia13AIumVh,2
CEv0JwlRsbWrNkIgj4B8,2
Cf5Tv2SJ18cXm7NZkr3L,2
CF6vmR5JGh0jw8eNoE1I,2
cfOjhHAekrZLs7GiCm4W,2
cgASXYyjTORWDEGnlZV3,2
cgkonXYDZtdqiQ4su8bL,2
cgOFjPAr76QExV2piI1H,2
ChOGatx1eA8JNEVqFKTI,2
CKIT85YvdjSMoQr09A2L,2
CLoqY1lIf0zkmyZ8ONjp,2
cM2epyubCXDZQgBKJ0NO,2
CNRrJcT3pLw2GAiDVq7Z,2
coasz7XZW2H9Trxynwk5,2
CodGs7mTQbeqnYpZxULE,2
cOMbeEqitnl6Yh3XRwG5,2
COntTlwPvaG3p4hMSJqI,2
CosyQLTrjivhRawX6GfJ,2
cqLK6moeuhJl1MIPv4R3,2
CQxAJbN0GImuVeyq87js,2
cRVOyGEn15HNAJClPU0X,2
cS0k5dWOBjEybfLrlu7N,2
csXTGQtRjwAfxHIho25y,2
cT69JjX2LtEkyKxd4h8D,2
CTv0Q8ujqlZc5dGnfeaw,2
cuNE2eL7XtkbJQw50zsW,2
cvh5PkXny1MFJ0WOogVp,2
cwPNTvn3zIrJhXGKlaDS,2
CwYeBdG7J5ozg29XVxlT,2
CyI3Pn0culzrRg6Tb1S4,2
czy0QlI3ebmEYXWjaGkr,2
D14MK7pSBhfeR3WxHztw,2
d1EnrNW57S40FeVhfzPu,2
D3WtlJNAupzn0vxXiIce,2
D4Lv6uRQo2cFgwj7NnpU,2
D5ecMC0KmzORPVrwgLT1,2
d6ACYSuPQ4wcjJynZhNE,2
d7oLya1XJFWjEpRzmGVI,2
d8NE6mrFWU9t2nb40f3G,2
D95QEl8vuaTqdIAszekS,2
d98DIzHL6lsYQS2X0URe,2
D9QULlKPYijhJezwSOFT,2
dAabnhJ37zorISO68q4l,2
DaL5EU7cJxGbqos4Tukv,2
dAN7DBVpI8Yh4snj0zoO,2
Db6hOB1PFyELXmr95JGI,2
dBo2VNziGhKEm8S01jc6,2
DbXC70pd6wiYxQMcBGkW,2
dcDQlArOkiyTbxIvVuan,2
dD7wzS4Hj3xt2eAqPLnc,2
Demi6hbq8HKwS5PJkjL9,2
DFd42XkRm6PnZ9Q8SOy7,2
dHpIeYK9gkS3DWE8ziBU,2
dHUq5yM8w0LND9PaepZY,2
DIlX3am9iQSYznuWZjMx,2
DIrEPtygG8SeLJ5mvq2a,2
djHpkGZoE0n64ub7WPer,2
DPg5ad8fwEq2jAWCF4oO,2
DQ5fK17GCZbnJs6oNWva,2
DqS4bCWK9kuvpN1Xgo37,2
Drg6AkshP8zYZlJoOwxf,2
DsAdQFkSxr74MywUfiGc,2
DszCbghZwq7ORp8f62J0,2
dTcDO4FCpt2KGr8ZHJSY,2
DtU6IK3jnvYXV8xTOiQw,2
dtyLupxMfEQVX10JwvWl,2
dTzmQOcYijuhqwRtsPNe,2
duDYQ8vkb29jNryIcHzX,2
dVDRPJcvx0lhzqHUtFKr,2
dVmSjvgcEquZ0fsQtIoU,2
DvsuxhpLgMVCO56r14jA,2
DwyNaEk0S4769ocfPOzn,2
dxMk1zvUyh8IPgLO25ZN,2
DY2cQNXStMAUvr8gkEqb,2
DYh2UtEr7A0JsjmFQZvB,2
DYifKtF806I7JjkLHZgP,2
dylV8BXRwaktCjHW1o0n,2
DyMjiCx7R4JG5nIgfNKz,2
Dyo450WAKck1JLUfbQIE,2
DyWH4FXxVhcdwqaEM5Y6,2
DYX2E3otnwLK1cIebNuJ,2
Dz6QkSVB4ax1siyK8fGP,2
dZj7fyOliEU4QkcvH0YJ,2
e0qEdcwmYptV31uXBvn7,2
e0uMA4Wf6dpHRZg2LVSC,2
e0Z7VP4EL1nlBH2haFo6,2
E1hdL4PQ5l3Gc82vyeAT,2
e2NUHL3pAyVg7IoPhYzv,2
E2s7M3RTzBgq9oDNjd5t,2
E3YcxZNkd6VrQwe8FqiL,2
E4wCHstIQWNDe81Z9Okp,2
E5SkPYDzxpyMwtXTWZ8a,2
e5wMdCRg8E3SQrDqyiNo,2
E6PX3bYws7GnvQ02JHBS,2
E81Gh6njYcyxT9UtPK0u,2
e8uQB30WJNbqXEf9SaRI,2
e9Jm5ZnFL3IS6ANtf1q4,2
eBDOvM4fUQmy0XEhracH,2
ebI3LHRqBUwco8aQtW15,2
ec5wGtnrTOjUmXx3QqKL,2
ecFS36DyA9qlifz0NCub,2
ECM0gid48UH3tfPyJWlm,2
eDEd50XhAoyv8CHpnO2R,2
eDgCZMUwHsh2az0yLb9o,2
Ee0OJV3KBnFRCbt1fxp4,2
eG3621nPryiCxTS8LhUw,2
Ege9soWuH6bf1p847Q2X,2
eghklfjtGV2daC8ZwNDS,2
egHnxmYdqACWaPsOBzRc,2
ehGfVZy2QXtFzJkO1ESb,2
EhsWP6i5MAl8oSuDy0xe,2
EIhBgus4WSiDFQney0cp,2
Ek7vsbD2Zd4IfM8xA0lw,2
EKm3YD5fpWh8FzTZHBbG,2
eKQW3oFCzAEyGumBlgh5,2
elrTVLuNkdYoPWhxUAIS,2
emB5kWbEAGX2YQLS6jpg,2
EmcRqS2xpAOXlBfyuDUi,2
EMmQTRgzWJ7FLbuZAaoP,2
enDwHFXxh8CzI0WTg15M,2
ENhpf9ugxwDCJb5mozPy,2
enqtU6j094EJFaY3MQoS,2
EoD3TSAhkmZLNGfPreFO,2
EP2O81HXKqh3cw0u9ABn,2
EqdNe3DySZfhFlrkcMTu,2
eQiJI9UaoyCMudbDKzOs,2
Er6sn81fNIRqa2Db5pTu,2
eRf9nXMwWl8OG0TxbgKv,2
ESncNgeGJIQujo6vOTBa,2
esPBa5nQFc0qIyZ3VMhr,2
eUfHduyMrs3pJKW0imDo,2
euYEoDm6IyNdvHa5xcMi,2
EV5qiMnPCxDZIRgmwk0b,2
Ewn8395kMeDfBKxXJQd4,2
EXJvSznUcQjwyD4rGCNq,2
eXu9bAoQ5UWBfCz3KsJN,2
eYmB1PSplO9Gq6MNFXy5,2
eYMbKEvklTj9i6SC8D4G,2
eZ6aXnrTQVWL4q1HKyij,2
ezSnoZwWGUQfiDF3k58b,2
f20PUJcTG4DOFRyh7Zlb,2
f3Cmly2RMnFq57Yis891,2
f3J7wQUqnge80iyXuxsL,2
F7OwWVhvDgHTuCt1fUoz,2
f7zKkaAuDH63oedxGTEV,2
f82n1geuSzmKDjZwRQts,2
F8bN6Gx0wTRZWsHI3XLO,2
f9E4HBYXeghm8ViJaKbr,2
FalYuVzr8LgtiKRZ9oEy,2
faZ5DoG9MVFiJUjCNr0R,2
fBILjJPz7so5a1qd4nup,2
fcZDXW9ndl1QeiPHjIC0,2
fDJXgvz2cAtPopmIO0hi,2
FdlaszJrb8ZjBEKXo0nc,2
fEQ8cAhmuURVLoBlYOsj,2
FfoZNXGPOT5tvqRSxmYV,2
fFTm4jSh6IQOtoiY09qw,2
fh1V8wnrOJAZGzsRQB60,2
fh3mXC290V6xOuwkWAgp,2
FhpBuDLoktwm9v3grXd4,2
FIVR08jS5sZo6avbmPHk,2
Fkha6WrBdNbMje7Oq0T4,2
FkThbmQlgnjGPdV3p8vB,2
FLumNoC2IxqDP1HSj3zh,2
fMe1zLP0EGjFXQrbdCqs,2
fMKS7QUA0HsYJ56DWxrZ,2
FmV4kRyzJeWnl9aEjArv,2
fnB1L8s4bzI5RTAPZpl9,2
Fo3l7eAEM4XDmKyIV9tj,2
FOxkTLeifaPImQ2yK6rM,2
FPX8CW9NolmqKYbh3nVt,2
FPZgCGuvUcwRXQ3YNH9b,2
FQvbKakrJtVAs1oqd8cS,2
fr197DA5lehQgZULyW2z,2
FrQHSDf7tNREowYmchbg,2
Fsjef4CM3N5ROl1kaVZh,2
fSWvxIsOaV0YjkB185ut,2
FtmwqCbojMpvJDKB7H8r,2
FTofSxMVXG9wtPrRuIzQ,2
Ftqd7rZi148x0zIJMQPY,2
fUu6izTSZs8Px5YyhHpc,2
fuys9cVz0Q3idvakHBSP,2
fW4MkhBrUcioN7TOa6by,2
Fwv6xNbYWaZqCEOjT2H0,2
FXcKgAs4Rq5IW3SYTvym,2
fXrRBS7TvQYH2nU5wkjg,2
FxvK59loJEUpbXBsqy8t,2
fy0LNRhDO6mHbB148onM,2
Fy7gH1lciNL4MAdaETDG,2
fYsopzlmCDGNAd72Ivxq,2
Fyu9GzEigD5T1PCpc0Vx,2
fZ1FK4ACxVie0GnjQNps,2
fzLv3FCPoyHwONVkBRp8,2
G0N2VlfcXS9qC3an7FDE,2
G0r4zLJ6yBPK1T2s9bNt,2
g5C0uJOdZH1mRF8znra7,2
G8wlLJNegZjoD7YFkiS6,2
GAvItLYkN1s5nPyE6drh,2
Gbf4Z8pqFsrxyKVQOcWg,2
GBi3fRHvLPWz5kStU8hu,2
gbkKyeR2uhSO5GzsIr0T,2
gbNWT5xaD1MJQKFRG2oP,2
GBvhKE2ydrS78XaiHUFu,2
gD2jWCFQ0m7POR5uElfN,2
gdCHhcYzBskGJXZ63rol,2
GDMPOk0orLBVtaubJHS5,2
GfCSdcknV4PzMv6Ui9W3,2
GFdzM4pukx7wtXIKrS6g,2
gft9ec83zWbM46yJNxFX,2
Gh2iqW4HNonOcgSJm3kx,2
GhcBFJEDH3mI21YTWl9z,2
GHsNPB59S8jJ1Upa43Ah,2
gih3sG9TYD41VZOFRmpb,2
Gjhd4ZYiPaAFyIpuTx7n,2
GK3cIhMzuHSw6YtoPevN,2
GK3DuZAoU1YkPTWnzC7V,2
gkOUScAXws6TNM7R4CPe,2
gKvtaoZ7Lkl1V6yxq3Fc,2
gLEW2nYOmSC9AjBvbuas,2
gLlmqtyshpVY7D0H5TkR,2
gLN4Guf8p6xbAvUZE1PH,2
gLNB2kuE1wasXd0jMQ7J,2
GMEAV21K07wb4O3YisZP,2
GnHh2cK7j9iZq01bBplw,2
gOEj2AmqLZSwkGIYsoNJ,2
gpYNi0jEzrAoxWyu12s6,2
gqr10PzwFNxSRnX7y9t6,2
gQzkDdH4UW3yNmb2Gt6r,2
Grcdm4uKwz2C3DNUxkWa,2
GReXQUwJuhz5Bj69PotI,2
gRNpMreFHS8QmAql5OiL,2
gS1RpbGO52EelPdx04w8,2
gt21j5QSnq7DbXKoBYml,2
GTEkXN6RtcSMs2CJo3dg,2
GTQjgZSf6328a5et7wNR,2
Gtu7doCvKfENQVp1bw4F,2
gTYvO1hIrHSu0Q9G7FnU,2
GUOCE4g7Wk2QPIhxJnYF,2
gUPvp2kiFac1EGMQZL0A,2
gV6kHaR3DyELvIBhTnmF,2
gvuz0cDMxfysHaehkCEI,2
gWCuk7BUzdH01whK68eY,2
Gxe2usYqQgwz789UpckN,2
GylnjTzLMh9SO3FgivEc,2
GyN1TW59jIfadSXxUZFb,2
GzjL73seI0uAmZVyYtnw,2
gztvnwuW7BkpKL9acrmO,2
H1B87Apkso2gM0Fjd4TZ,2
h1sIMzUVPxaBEXlnbdpS,2
H2PfBYSt6hT8wIndaGVz,2
h3rJYzdueyMUj2QGLmAb,2
h3V2WxD9LUz60iOnGIrN,2
H4Rm85rlJxfuQwq6d03p,2
h6dXO0barf1t94w3WHzN,2
H8S3MwPF1hnIfqBWZzmc,2
H95ZaEcvWw78QnqDJb6l,2
HawOt4hzSPJyk6egrKfv,2
HBbWV1wZoJz2sKUl8e3r,2
hbUP9c3TFmWJZqCIuBkg,2
He4qRW17SQlfN9BcAExX,2
HI5KXVitQYxech7A2ZqU,2
hJaAKbI1PDmT53SptEuk,2
HJSPltnLF4DN3x18ZUjy,2
hLcXvdUBkxJRtraije6f,2
Hlepf9aJIoFTQcrmXO4P,2
hlFo3fprkSOzDI7tc8Xq,2
HLIpzufArQKh9XcBPVoT,2
hlz7aimR9U8PWVqSvKgF,2
hmjcZH7rQ4qkLlbDzePy,2
Hmne203D6GVOJkqhsi8y,2
hMyn4mwJjsLI5l03PdV8,2
hnCWyLtgETFlkJ84DqXS,2
hNjQviUSpfFb3anIL0mO,2
HNL7GobQlxzMhkga3uy0,2
Hp4J1c7MEvW03wufgTBi,2
Hq5ADm7t2YMF9digjKCs,2
HQgZpqCOYs93hwJI0kUW,2
HqmnQeZ1cWu64UjTtOFr,2
hRKlMBI5HrGzbQnDpPqu,2
HRL1PvrNMO70Gojpsexf,2
HrmycL45gqJ8UXTNeYfD,2
HSdJKWmPaicR3VlnTq9y,2
HsZwBUFC37T9q4dc1Pkv,2
htBGqRjHkVFYir3JELlP,2
Hte5fWBMP8GvoLnVK3TR,2
hUc3sa5YXmb2EoZ1pGrD,2
HueRQzwrp2OPDBYMITGx,2
HUM4WZdYbi795Socq2jX,2
hundC7q5ZQLoY1NvWt4S,2
HVvNI0y1LSJ2OpPkFjqY,2
hwPFV83iJa9Ek5HQSCzd,2
HY9OPXg8TMBCzqemENGc,2
hZfoeEcsTJRnNLlF5wG0,2
hzVJ97AaMvpsNQb0m1Pc,2
i0XRVkoPMwK95hfgWAmJ,2
i3IT61aHRFludsD9OcbC,2
I3m9yxl5jsrv71N6EBdH,2
i3ObMKnYJjsxV1ECAD6F,2
I5PzNTDtvWsK76fBZaGL,2
i6ulTyEvMWfmbOdC02B4,2
I7ibzm1KMaYsuWfDoThr,2
i94Kjy8WADbQIuNOktdR,2
IAX6uCwTfFUH8vOKkzcV,2
ibFVtH0dgCDLsZf9ky7Q,2
iBvYkTZo4b5G62pQh1KO,2
icj1JwTvFPKeUAkE3SGN,2
ICleA7HO5Kaf4jMXZG2y,2
Idry1KoQ2uFm0aLeABDG,2
IeEJzAM1aZKSo8vYsCLp,2
ieLs93AGTlXK6jBkQc2x,2
ietZ2N7g30pfdSvn6OxI,2
If7D6pQO5xPYckjg41LB,2
Ig7mTKfQJ13ap9xriVjM,2
IgXph4qjyDf5t6S0WUwm,2
iH1NpT5djnMa64tzV0yP,2
ihtV7FB5cXINJnSzflvO,2
iIMmk8tNvLweAr2dfn9F,2
ij6XhzqMWJFI8t4SUvQy,2
IjAlEaeHV2M4GkFnRKmS,2
IjcoL9OvTtrmEYgidSNQ,2
iJwSVZNB6Qf3jdC0oAXI,2
iK9ovZhBJCDH0T34dtI5,2
ikNw2nIvYAHPaod4Dqsp,2
IL4NksaVyYtQEKAXnUSJ,2
il50yHcbIevZ8dsJOTQ4,2
IlCigar0eZ13Xtyf8MVn,2
IlpdJf7AbLF6S9Go8v5q,2
ImCo1Zy8OsF6VXY59Bk7,2
iMIveqXKnkP3NAc4uC1d,2
imTtQaVAb6Ld3zNunpfP,2
iPHgeU6vjNKr8GB90CqM,2
iPVOQ8oez4GynBhEfg3S,2
iqaJCAMOH7fgxpvUX5y0,2
iQZCbSt5Pg7Ajqk0LYvl,2
IR2aS8pG4mbN59ZjCixk,2
IsSfM9LGyi5c8uP3p7hJ,2
itKaznkWYBjsPd2obgJq,2
ITPGq9AXn4EZKmYeFpuB,2
IvgyiZNlULu7BQO9xYop,2
IVZFbMA91RSK36luQ4kW,2
IwBULXyFlnWZOrsm1Yh2,2
iYfVGj6l2JWSXdyM538K,2
IYXhFeyzUjrs6RNZcWAd,2
Iza3Zouq4wNDSCvgKcLr,2
Izbos3ZTyWKju6k514NY,2
IZdcDmnywT9vLuM7fRiF,2
j0dsMg3f5yYl2ZheAnTv,2
j2xmyNRTk49VWXbZMnUc,2
j4LbkH0Dx8eXOJnPBtZT,2
J51yVcCbx9LDM6ZlS4Ud,2
j5OyPphcxSMDXJo9LI4C,2
j6gIME8eK4T1mn9PFqhb,2
J6NCAqTrpj7W1Z05XbdM,2
JbpXH0NYnFwIrzd2fAoW,2
jCfTR4OxbaJmMz2knoLF,2
JcM4rjfw2mxPpT7sAveB,2
JcZ2u3jWIaS7nD8Vfp1E,2
Jd1mD8obKMOwqBgXjRut,2
jD6G4s3pinYJQTMxmgfZ,2
JEdVbXyCro7SBKHZRPOe,2
jelaIp5XS4JU7MzrmnoP,2
jExBgXmKlhA4URac86kQ,2
jfcC8WhHuIJUAlLTZpNs,2
JfgmjCtoTKyM6pcIrBY7,2
JFiWOaubTAKCyRoBqzfn,2
JfUstdXDHbQZOxuBcG60,2
jgNc6pwRCBPetnT2yXQH,2
jgOs7KiB0aTEzvSUJVPp,2
JGqMAsU8BNzPpT1cIF2n,2
jHfu9AMl1GkNWch0Yv53,2
JIPoNu820rbAGE4zcqaT,2
JKNVsPwYM4pojQLl27q3,2
jL2VfCmgMHhoaG94PS6k,2
JnCS8Oh4fUmciFgN5IZ3,2
JNfrKZYIEmpVDBzn1kvL,2
JNP8y5lG7OuK4oq9xhaI,2
JNrlKDpRFXhP6wcQjMna,2
jO3ktp4CTZ8Voy2cHJUB,2
jOaZK2toAgbxChzNvPmp,2
JON9PSMtuip32AIfdZhY,2
JPNtw3z5pD06EAd94oxh,2
JpsS8BAHtDOMNUIyYkax,2
jq9tQfVT21HeNdhCGIxa,2
Jr3s0Zc7EDULtVAyT4fv,2
jr9iGANIl3H6170uFQtd,2
jrAH5I14hpeni2TbcPOR,2
Jryaub7PNRt1h6nDzfvW,2
jsSM7FgazoEt1V80ynmY,2
Jt6VneONGXucZh27z0YA,2
JtpO4ZqNWST65MdH7xhD,2
JUO3pfywZnC4e9xHLBMA,2
Jutod3lzAeqPDWVHRS5i,2
jVYcTGRCa805U6NxFsZz,2
jwQPIaD0Urhgv3FH2Cnb,2
JWYBQVADRKylxCaXIfu8,2
Jx4hzsGNkP7lWd5qRXYS,2
jxOWbXpVtGuyQI5DSUCB,2
jzCaxOEMKRNd8V7qBmGi,2
JZIMimNHlQAh1TdXkcrg,2
JZlEihvwTBmPUzQreyHc,2
jZxB2zDWto8UTu6hPENM,2
k0cYVqDT8h9yQH2ZGpSs,2
k2Bues6ACEpX4WjGyloO,2
k37eIpQ2ARSHZlYhnM0d,2
K3BiLDx5eFqoG2tETujV,2
k4fumEIZvtlKUbJ32c0H,2
k4ZPKVD98Gfghw2qIXCc,2
K6wJGghfXmCiWzNptoD4,2
k89IEjZqBQTxAYLGWCwi,2
k8cgAnvaEsdSCOxFPoQ2,2
KAGlH9fTgDxiSn7zQWbs,2
Kan1JQpD2ZAuM4xv3tBc,2
KAsR7wJXd2Se4NEUfOtz,2
KawMHneL7VYj8oQ4m1cZ,2
kbilTy4z7H8PmpW2OQXx,2
KBvLr7Tk8OuoySgdA6eY,2
KCIYcrW1ExdiuljgTMZ3,2
kcwP62orCTg9MFEVzIus,2
kDl9JHq8P4TgYunvbLNG,2
Kgqb7YSefWCdlpmnvw18,2
kiOADfHlLYqyt9dUz4eN,2
kiv3fagQwzY9u4rOdET1,2
KIxWlZ5Py8GaRj0SOrAD,2
kKEvpQMV1qzLfeTWDtF2,2
kmf3FnduMt5Re2NZTpLG,2
KmFdoSG4XLMVIHewYRC8,2
kNdmZyxTJ7Kin2Me8GYB,2
KNlAmtEIizBU7X5H1PwQ,2
KNP2ROq6J8YEcmyrtSjV,2
Ko1FSexsij4QuL0kOwav,2
KOEmRNBY5PHlwqn0X2rg,2
kOTBR1luXMpbG9QoF8y4,2
KqS2u8HUWPI6jGDEhvB4,2
kQsiVxDbAXt23wRWal57,2
kqvJp5E0wbWgu9mnzSQB,2
KQwj9O6dlPxNyf8zW0gp,2
kSNnYl3ZLvB2WI7V4iEt,2
ksTyZ4jN21lBiC9UYOGe,2
04BfoQRA6XEshiNuI7pF,3
04cvLCVPqBMs6yn5xGlE,3
04sJnMaORYc1SV5pKjrP,3
07nrG1cLKUPxjOlWMFiV,3
09bfacpUzuBN5W3S8KTo,3
0aU7XWsr8RtN94jvo3lG,3
0cdnSIvN489sFUwYlrMQ,3
0cfGJLYgE6ROaZH7KT1h,3
0cGWK6VvCkm7O2AxDjtw,3
0D9IedmC1viTPugLRWX6,3
0dkuzUXLTEFwW71vP5bS,3
0Eo9qT6idXHDMebwmvPA,3
0FdOaDWrfBU6TqwCRYxA,3
0Fu9oETtMW4zlg1ZrUy6,3
0GKzFQ81IYXqUWkmfv26,3
0gSm7QZu5x6MBvVzUncH,3
0GVcTdBQXWUJ2t7vjphN,3
0hH3JB2wM79lYdsyuK5N,3
0iABvIkp3WHfgrJ79ymq,3
0itbI5mjJF28ocTkrUf9,3
0jAopX629OwEH8WPkzVU,3
0K4sTCLtrIJ5SinQbe7u,3
0kzRDUmBLHGd4YPj7hO6,3
0mcWyK6unLRGV8Hfr97Y,3
0mfwTlekXE1poYAnqMRO,3
0MpJYhdbf8T7InoqcXr1,3
0otC2dSxuGDzY6XHLkq3,3
0pER9ak46CKVjPoqGLcD,3
0pnRqtHF3dKI5MQmwT29,3
0PVAd2O4lMGUbawzfXBT,3
0qN2U7Ayorv9IbiTW4Gd,3
0qPYfxdvNrBX6ASbZltF,3
0QqWIUsiyj3AaPwJD81S,3
0RCcpJ1DuKNMBsaQUgmA,3
0SkbpFZGvraL6fQXTzol,3
0sYDNzwVMaWE2TIZeA81,3
0VLen4rGI1wNjOqzyZRb,3
0xLRN4DuvoCGbjIFQKYB,3
0YIPlyX3fbNs2ntJRGgH,3
13TchIQbYmGgO7aufZyE,3
17aN50JFZXYrcAk2iCtG,3
194Iy5xv8QRz7XMTnmAk,3
19xM5LfBYviATcUkEOPm,3
1AhQif5kMPb24RnCmjrg,3
1awKqmMpQUblukHhBy7n,3
1bkniqgYzRMpZ2S5JBAQ,3
1cbYnSz3otKJCkijqAWV,3
1dxLT9no8t6fbykXEJiR,3
1gtbK8Nhsx3ICnoD9BXY,3
1hvs5Z9VJaFmwSDnxi6u,3
1I3EGeyOpWHNtYjLvnk5,3
1iFYGHfzdnCJRXA5uby9,3
1loLEn48jqmNfpudgGXI,3
1lvtjJOrfDVkE6IxaUsc,3
1nfCmTztiuIMUsr8Eo7b,3
1OayZHFbz3tPBE5XNkcS,3
1PNSFdXH4QYaky5T0n8Z,3
1QwaNAKMEpI9kb0oYzuJ,3
1rCGTyze8Mqbtx49fQOu,3
1u3qTGiRvckQZW7dBY58,3
1UE8oOGSuImQZxeXLyK0,3
1VDamNFKYErzIjbfxRh2,3
1VOdRYq8jv3wtGMTWZ4a,3
1xSW8f3MoVAKsjTCmE79,3
1xVIAaOrkQePGlBLpMgs,3
1YhJFKP0mIC5e6kD7iqS,3
20loY7fRhmCsbSKctgqT,3
21K8k3FDRwv5qbEWPaQl,3
24NSkH5K03grqedBQM8T,3
279EOCqmnPGMfixzTuwJ,3
27o93DUCHcGPXdTxlNwg,3
29VrODhT6jpK5fxnkaFu,3
2amRyMxPKTXJwibdWHu8,3
2bGNC89glvMTi6ydPt1S,3
2bwDkqs87r5IES13WLxM,3
2dEMyoGL3sIO8NVu1r4b,3
2ECqL8au6iS3jNJDoOdn,3
2EcxbOXKTpYwm0MfkJUz,3
2EgZDWKnJV3Gz4TkIiYU,3
2EQ7bhH8pDCsW45djNeR,3
2fBiOgkxcmrHRInXwVWP,3
2gUPy7nNQD4Fjkv69ose,3
2HtAZBTbmReIGCUkqfh6,3
2kS0UbYlHrFLP1EGwM3C,3
2mNqMtbkL87il4gXBPHY,3
2mZqzjspRt5Xy4B9f03L,3
2N4ypbcWovSjYk0TiZQ8,3
2obDBHNAI89aSGFfnYZP,3
2QCUzf8vh6JL41dZmSNg,3
2u4RQPDJzrflTwqI0taY,3
2VEsIiQxy5a60hwGAolT,3
2wIHgZMUrG4JBNf7ovxQ,3
2xkoYzhi0RMSad95G7Pg,3
2XnTALlRBbSxQjo4py58,3
2xQalME3fIsHzjc7Zo6w,3
2yeOFAbBQo7CIL9WzJP6,3
2zrDU8tlpNjoWaisTeK9,3
30259LfMxFdATBcqNOi1,3
31lyTKsufPDUhgebwzQm,3
32jPglFUkIuyNEDoW4eT,3
36geBOvHzxfc1MlNRJGa,3
37kuvmtW8EGoCeFTgBKH,3
37YaF9jLifHNxQPbq8hm,3
38iRvB2qhD7xPYrk5gMp,3
3a0lJWnNRb8QIxVHALGd,3
3boTYd1KBgOPIL5pVvkN,3
3CwcNOpIWJsBERGPHVkr,3
3DfvjbGBnePmskyhpCT2,3
3dstJNajYRkxEV4g0nA6,3
3EvAIU8zX2g96DJj5Grp,3
3fN5bOwAxSQG2M1hWV4m,3
3FzBIgOhHKlnYspCXWLa,3
3hYGWBHZ6iJr9X8KxENg,3
3IBKiONtaWxXpQmufSZs,3
3ICTQcU6ebE5gGptuK8N,3
3JI42LUuZET9tgvlYDqx,3
3MGDnh5cf0wS7tzk9upR,3
3nD402vc1wpMazdUobEB,3
3NyXhKFsD0ijYG4HAaTL,3
3PmaDdlEYWrhG6e480xp,3
3QHCOA5dqfPTescoWyan,3
3rLyNxUDWnemRoBSigOv,3
3T62h8QPf7u5VlsFMktG,3
3TBSm5IlCVEyQY17kJPG,3
3V7h4uXQok2A1ZqCnj9M,3
3vaVPLlpNfMYGzIQgJKy,3
3vG9FbUS2P8Xcfsj4WLw,3
3XHQbYcD2pI756SJknqB,3
3y5HQzqXhoWfrkN0CwF6,3
3ZxKMsRLlDYwnd4uPi2z,3
409FLy5cim8qgxjYobET,3
40as7FtBNoGZTuO5XpWq,3
41WpbwcQN8fVsgIiLYZn,3
46FsZxPzIVu87hy95CkB,3
47cdjy1YmUt5nwesX0qS,3
48Dhca7LzbPTWN96xjFY,3
4AtRvui0E2FNqp1PX7ZD,3
4BdQMg5PDlWq69ZXwReb,3
4Bsbdx8uXvtMOqHnyYfi,3
4dqEznNyiFwZVYrC5G6m,3
4DYgWsnfa3t0zUXAVrPw,3
4dyK0YWPvuOnFmk5b9rS,3
4eC9LmdHc6pRoP8BtTGv,3
4Fdkzt7s2OZVYeLIplvh,3
4ghaPIpBnJ8zCfruTxiD,3
4gjwikNruTbCq1Js9A63,3
4GrZxOBKvSPauIDVkhjt,3
4hWm7ySRkX0H9KALGp2Q,3
4iEDSe05MQfJsRx9mNpt,3
4iFfbWB7CqmSszKd5gRu,3
4InZfrkMYP8UQOaevoK0,3
4K1DMYcdkRSouvg5isVI,3
4KZRhfsL2Fx6SXrzQDAt,3
4m1Gsx5JvMFgATY7LOz0,3
4md7bUD5MfKjpq8Px0TZ,3
4oeMgulyp7aGZ510vV6q,3
4omjpRdNPCMSfxi3TyEA,3
4pA56nslGDof7acmqjhw,3
4qgxbOSvFILhU1RJW5Gf,3
4s5QmpaV1GOniI3HL7xg,3
4txzUmCskIHWrpBgLZM0,3
4ufQ0DhPlE8xLpoRmJyc,3
4vr2yUw5PiEgN6BaWRho,3
4wNmfZsulFgTOVnDBXRP,3
4XvpUxtrIGC8Y2LPAmhS,3
506hUsmC4zdWHrALljRw,3
50tF9JeP6UYcOrkmyMvs,3
51XRqHz04MsAuJWwtraV,3
52EkXpe6I1yif8SxWDYl,3
52GeORAFh08SW7lYocXU,3
59voqhS867GYXDAMzmVj,3
5baZkrT2gEWtsLBSOQPN,3
5cXoH4pnaQFISUNl1DsR,3
5F4mbeBZsfwYCQpGgVLa,3
5fEXZxI1vBO8nbFdS2Mi,3
5H40FbQlckCMa3jguwS9,3
5haw8gTL9JrqIE7Y2ZHN,3
5hnmoKvt7TzDWZ4asl2g,3
5Ikd8E6aS4f2usxwqnDg,3
5itrSmMjzBwOvcb7JgZe,3
5jFCygSHKY36OlsxB0pW,3
5kDwglm7T9UjftPhpExr,3
5LTv3iVMXuNzsb1Bhafj,3
5ME0AcvDafIXHtFJxwri,3
5mvtu96W8B4Ka7sYCSzr,3
5MWdAsOpiyk9G0HvDSxu,3
5N10esCGIJc2kB3KQYWU,3
5pJfOSNowh4sXkYBmKPQ,3
5pwP8bUu32gVJDrRCIcL,3
5QnvTRCteUqcpaL3J7SW,3
5QpgRV2cqU9wvjBist1a,3
5RNxlpjUVmZwa4SIzODJ,3
5sHnYk4EgplBiD8cSLoI,3
5tLizVMafFr6UpmbZ8ed,3
5udWej1qOoy3nNJLQDCI,3
5UgEOntlGKqyeVMhuTfR,3
5uqM1zonRdTQbetDF6wJ,3
5xuVWX1BMUraEz7iDdH2,3
5ywj3ePIlUD12EkxZtYF,3
5ZmHwgpCs9J8ylMbTSKe,3
623eFhxtASpOuCcQviwr,3
63AWhQeRZUJP90TEzH5X,3
63JdbfzDMVIrZE0NUyO7,3
6aJfSuh4VDxrOtjGqviC,3
6BIMrSNvawLAUTejQfEJ,3
6CegKJDHWYrUi3oEQZxs,3
6eoOM2zX5NnhtDlvQT0i,3
6eqrZ7pnXQUtckVG21BK,3
6F3Dj4qM15tKvNTEoQlP,3
6fbTnNXuIJg7QjhcKqSr,3
6GgdCXPL2Bali0f8ZFkA,3
6gJf1hQLyeE3K29BSIra,3
6hqby4Od0RWVB2vwNQl5,3
6IrZu0ynlqf4otPBA7HT,3
6Jylg0kdK1x3sMbihLvw,3
6mKG5UgpFBOYCdR3Wz8J,3
6mlM0bsRQHnPwUJkEvN4,3
6mOXnqjtuYpwCWxg8ZeQ,3
6n492zCpNIkbrcsGyVUj,3
6nLCYyu3cTMDSXWxbj4o,3
6oiK1LC8JYenZGc7kgs2,3
6OtViL80ylEW5ogaUH7m,3
6RBaQgimoq8OSJbFznxU,3
6SpFHDUdJql8rbcZ0YIv,3
6SUlhvQV0HI3ger5pXnu,3
6T907yrYp4XJsGPk82Kh,3
6VHLJedU0IhWOs82KBtA,3
6VyIRPJLiXYbk2ECv5Aj,3
6WIpCtyaKz4T3uqOxsDw,3
75IA0ztPUf4HQJiacnoW,3
79ZlfG6CozviMAFYnWhK,3
7ArW9wGpkimNy0aXJbIt,3
7BFRaJIPKrv3QVbkDx9C,3
7cdWTzVjHIh1OMtn85fb,3
7cRpXh23wYjFr5d6kvQG,3
7DclN1CBzIh5OutSKski,3
7DU2vQMzELbKx3tBjg9O,3
7EDokhMZ8edvnNi5Cz0y,3
7EeBbm5jxfwut6nPD0iF,3
7Ff4uMQibABUks59xnpV,3
7FQl5t8dsEISLkvBmqU2,3
7g1AQZVLIwn8STsYdW5e,3
7hsb8evACNndQgJPSR61,3
7HYhXpwdBAxL6cGn3Ov0,3
7MgbPSoCVYwTWBiF2lNx,3
7mGrwqj2tdfEuNDn4gVR,3
7MWNnkoDrl2aRZAIPKOy,3
7nL2QiAIcsRxfMHwyTeB,3
7nN0mHVK2B6v5dsMUiQh,3
7NvXmzKWC3VeUZaBFnSh,3
7oKB6OiGX8LStVwnqlQI,3
7PZmOnTke1EJh9I5yijz,3
7qgZAJlOevNdjHtbpfuR,3
7r5DCxQ2nJKN0GOYPmcH,3
7RfoFlxTSDhLmqreOzpg,3
7v8gE2jK9YmzBFyD6xst,3
7v9kY4e0qjIalb2C3Hn1,3
7VxbHzYhjKTRNLBnvF6G,3
7vXx2gNhaZedKUtIS4mP,3
7w3H4fALRB6vVOgh8ce5,3
7xyuBa1o8CHhiJ4tFGeK,3
80ViwbE3MzP2elI7NSFZ,3
84rjJmfPEVRbCDo3v27K,3
84RSutPNkVDme03yEvLT,3
86kMhQHlXa1UWO3ifeg2,3
87OEybJHlup9AavITYCg,3
89vxBRnaEKcYM04Dhq5b,3
8bI2sDvzVOAPKnGXrWpE,3
8btcXEfH4v9ITwU7OSsg,3
8d7zkmPAEtQrBiTRNlg6,3
8E2PuBnfWTCXFGJ7RZcV,3
8ELU07KQbV3FndjHtxON,3
8f0rtXdM9izQnEeVWuoj,3
8f34pWz5MiSc2nDtlOPN,3
8fOKknRM49gdiz5EapSw,3
8hDqJsmCXLNYZb1MdGeR,3
8j2uhZyFl6XGkCoixABY,3
8JqbzxWR216yr3Ptgems,3
8kORlw25hI69eu7jEfVy,3
8LmZGOEjyfCecP73osAh,3
8lpNWeqHu4x5TgdkByha,3
8mAqS5PYhyIwls9t1r0Z,3
8MvFeGDWuTX2KEgh4PSl,3
8N0Drw6gKsimauCZQpWV,3
8ne26YagdHzwFQtIpTVL,3
8NYnzWmyo10T7tH36GQq,3
8pd4Tanw1UFZ6AH5s9GQ,3
8qp3fmXhNIbi9cdwG54l,3
8s9r3Mxpemd5ySQwPlD7,3
8swNnb7BmL6dTVPcZK13,3
8UGK0mbY3De124d7wizL,3
8y5qQ2Z1pnLCOFWRJMA4,3
8YobsnPDuWJeEHmKB2ZQ,3
8zFhWnEwMyZboGIm2Dp5,3
8zvicWu1OkG2PJRo9pA3,3
92R3zY7inOXqDJtGApdf,3
94bEZMkLjDp1BXoucFVI,3
96ri7DBgMW12PlxVUowY,3
981OxmWynXIJEiSTGhMf,3
9As0CbJPKyq8MFgmNcl7,3
9EbqOQ5sCRtSVzg3DyMn,3
9eK7CYoLivD4rNbROMgw,3
9FfKH0kuryGZqiTmglh7,3
9gE6rY37hlG2Jdmy5IAT,3
9HJsvSmGZRWbUygFt2eP,3
9jxOlv1ndyUsJgpTbFBQ,3
9kMOTJlI0c5aU6xzYhXg,3
9PjuhOrlRqxHeQcEBYMX,3
9pVfLJrSuU8iANWPFM15,3
9qmgZWJTn4jFhKy3LYdM,3
9QRkLX8V3CAmUwb64aDJ,3
9Rp4MieOLyFmqbdU18oG,3
9rzSuf6XRkCVTGbl5QUh,3
9shmYlDbkcpt8go6RWvz,3
9STjspcOKbrE80PFVAoq,3
9toXzFrSARZ0TJGKMbV6,3
9uiRm8ZfYDwsIQegUH7o,3
9WMOnQwLKEcCFyX6fs4j,3
9xo84PyBYen5uj1XTiZO,3
9y5xfjXiMHrCw3YTJzgL,3
9Yz1oNge7y45sStaTn0F,3
9zAJOrlDSPhRkcHxVB7p,3
9zKkSJE1xeNO0isFGAW6,3
A0L4e6WxD8IEcjuahVik,3
A18SwaWICYOMopkGqKJn,3
a2sZItYqWX4B6cPk0Mwo,3
a4lrvUoF016MZ2m7dczE,3
a5kKf6CxpzWGr92DgsYB,3
a6yPugSArOdWK1zQ0c7I,3
a8y1t4E5db2oXgVlnhks,3
AaKdPBWQD37j9prRxFoZ,3
Aakq59juHDKNfbUXR72Y,3
abcOwUvuE9jGnpP5L241,3
AbTf2FDC8Rt0N5vcmQEB,3
aBzIwsiXPGYFxKEgOu2q,3
ACGth038lI7D2XUFVyPp,3
ActJLU7ZGYEIhS1raKF8,3
ADHSRzr6YevfqojpWCBZ,3
ADrMleNgCO2iIbsKQEpf,3
ae1M5piZAUrqnKc0TYdL,3
aE6dSw0lysO8Qn4cf2FM,3
aE81yCJwg67YFqOmZPRn,3
AejI1okyfNmhxn0vqgCT,3
AG1z2DMkWgvSP6hUnlwr,3
ag50qP4ZzQo1eOVErXdp,3
ag9pwZE1YjcTzekP8nsb,3
aGbul9py8vIL5BVeCfD1,3
AgF6YUNOyGmRPxSnTifM,3
aIB1DcJ893RjpdgMELfy,3
AIKUJVx4slnHOTzyuN5r,3
ak9gTzFdlwmvVBoRMDh8,3
AKjOotcur402wSEaihk1,3
aKQHksThE3fdVCizYpGI,3
aKTgds7mQMjItGkARLPY,3
AKUTPh7WIcpVu6QsvaMR,3
Al6GOBJ2KvPCxo3b7jiN,3
aLG7QrUD6WOmdNY5tC3y,3
Alk4h8YQ3DrOo2KFn5fC,3
amO4HkjxM8KcdFBp0h5C,3
an85Um7qeAbI0uSrwF2C,3
aN8PetkbW4RfxABMh2TE,3
aOmQG03HATWje26Fznbl,3
AQK4rWIdJoFROLnHaZ7Y,3
ars37RzMbl29xdBcNofe,3
ARXaLhsFK8G1bSN2pjwz,3
arzldLNUhfoE3cjIZ12b,3
asAFjCoNEKmUnXYOczBf,3
asK0HpjZeJCPf6kXDbzx,3
AsuEkRqBW9CrIy8hmOXG,3
ASwCVlU7bIDm6HjuNOK1,3
asxd9IrOhnPK1pMVRtX0,3
atexryL75EAFchJOBMbg,3
AtMdKfnuLBgoj17xEsqY,3
ATr6NemOyI2KF0w48BR5,3
ATVo94avrEyjnexXU8W7,3
au79sOhkJRX6VYIec8PC,3
aUt7mRJKdfkuXpSLjHEy,3
av90QiV8gsYkEpcKReuq,3
AvcKHJnwQqxoRWE8YD1z,3
avd62N7yALwmUZipfoFM,3
aWg5v9VtjYfJz38HPqOQ,3
AWP8Q53x0GmBLV2T46Ep,3
AXKWcOFlx5MNa7L6Rr4q,3
Axl1rGXDEZ3ftd9agJ47,3
aykVQGgubXTA07xcMdI1,3
AyPm1KkLv0WTuBHtid8I,3
B0wlyELesxRFXGKSpJrz,3
b1FSAcmvx6wItGUPHoWi,3
B1vhM3P6rF9nGzimaUOQ,3
b1w2pQIDGci86kW5ClAF,3
B2G6QYpojbCtZ1DRTcJf,3
B5FX8dcYJfxy4WUVbptn,3
B5M1QJjfpUbcaG3kYX4m,3
B7Cq4bLJ69ayiOZlfNDx,3
b8kXFQJv6aLdDP3fn0tI,3
B8tsng0FirpRMI7YaZUS,3
b9AoKd5WisSgXzMlkGCY,3
BA1JDZStCHsQ0zUapdK3,3
Ba2j9GDwq0HOtNrzbRuI,3
bazOp8SLuGgisveCP0QI,3
BAZxf3SiGRgNPl9wndqW,3
bB5UPj8uAXvDNGHcoehV,3
BcuE9gIzJoh70dAlbVqw,3
Bd12KAkryHoe4M3UGRti,3
bElZS1P7UCz95FInYrsy,3
bEP5u6wB2Yt8f43Xgrcy,3
BeSFz3OshNn8uwGKUCTx,3
beYsSmB2uZoA19Ek5Mrf,3
bFpJDO5AxXrCzntaWvTq,3
BfZpbY7j0PIw3Orygsvq,3
BIbhe6TzJw8O1xq7p0ZR,3
bjGNZLIOUHMoqydSfBtp,3
bK8LJOUr6pNesx5haDzf,3
Bkc9awJI1G4DZTodR2zx,3
bkIroBULjGfha32SetFx,3
bKumYLRfEStU2Iydacxz,3
bkvWjpGYrfKLJUyON74g,3
BlshLxAuJR0VGyQWmT1w,3
BmAsMFYUjKf8kngDbloW,3
bMK0Xukv9xUAi2QSGJ6Z,3
bMwiKy4LQPJorOxkTe83,3
BMyRblVjoWUws42eSLgc,3
Bn4zAmY7IUFavbjdqp9Q,3
BN76utiov1bnXza58ZTJ,3
BOMLgZ0RiCYQ7twrzAUK,3
BP1r4aHtfY2evFbukXZL,3
Bp7tlyMD5zQI2U0gN49E,3
Bp9yICsU7lPLvcuhY5Qt,3
Bpd4WExsYXfkN3R7gc1T,3
bPgcfDZ3Wrzo2SdMGT6Q,3
BpHRe6qhimO8afUvJLrD,3
bQNlL0On7Tup3VwP9Z68,3
BRgm2Vix05Utekd6WEnG,3
bsQcpVBgjyPva7I0kzwx,3
bti2lKe3gdHYqMPC4SvI,3
buhAOQaykEJtsIZoWjBp,3
bv60XkYZsCKHa3NgFUDr,3
bVDNy1kqlEmIzJfvdcng,3
BVLP2pKr8yxF9iHdlbEj,3
bWHnGtLmyoK0de1vJB3S,3
BwYh9iTOtILyCW8SvJZf,3
bxcTstIeJfgdjFLnVaG5,3
bxj8HFNn0cCiAW7GOgzh,3
BxLpsG41I0qTgXKJPrtC,3
BXQNYRIMHrq8LZ7Ay9pc,3
BxRn5YjcIH1qCEy67NP9,3
BXYpT4e7jKgbI95Lqaov,3
By43LOPkYhDjrGTg0ien,3
BYbQ9W5h6m7r4lzwfCqI,3
BYhZ8Rd2Nl7F69DtnMXH,3
ByzLS3siGOpYK6wEut2d,3
bZ4i2FL0OjfSryx3BMdg,3
Bzq6YRV9F2NgJsPewDhr,3
bzVp2rDhyOvx4c37gmuC,3
c0NkOS8unzsGWwXvV5K3,3
C0zcsP1IiGEXyLkx6bp2,3
C1MR4txhqcAg0vDWSZNl,3
C1owXSDmBaq6hHzyGQJ3,3
C2KFYHLsW3iPhnVSzmQb,3
C3F1J5bwua8KR9GQ0itE,3
c4RSgNFGuhfKJakmUWCx,3
C5cXPpHJAzvVfh3WbGMI,3
c5npw2uMISjrah74tDXo,3
C5UiyDre7dL1XVHxsRIo,3
C5zRPoaif3nALEsq6vJk,3
c6L3RkStXIpv9JCa2PrB,3
C6zmBoPQ9y38n20S1hsR,3
C6zoibw4yPTtUNZaA12q,3
C70ihKqv4Ll6GDQSrk1J,3
c8ePf7t6VQAWNGOB40Zk,3
c8gbt2qHrVm9z3OyCIkD,3
C8OaF3weNRMS2vphGUAx,3
C9R8qokaKc7QGmpzyE31,3
C9ZISBrLa75JVEzlO4GH,3
cAK1HjqnlsSFpP0Ivw7x,3
cAxogRZB2v9lEmzr10Oa,3
cC9waqt8X03K56Lou2HT,3
CDcigxuZ0fYMlmz5ep3v,3
cdlgXf2EV9sOKvn6Dwt1,3
ce5KGVx3FUMRzmCXQHOs,3
ceKaj4rnXfU7QvShuqY3,3
CETtQuy8HPG0VzD4ndjK,3
CezT83xEW279v4DBZUjN,3
CF1ivEJDg47qMtxPWGUY,3
CFO1xurbvJKYhTs8fn4l,3
CGgOZekvTIXAMYxfNLW1,3
CGtzUByc19fMLP6ioT8n,3
cHrKnfE5MgRIqlLmBOVN,3
Ci7rgxmGAh2uPSvJFjl3,3
cijt4e7E8HuyZpfMd3nT,3
cikBKN2eQY8WXfCHvnI7,3
Ciz8f6xSLwjMPsmDROdg,3
cJwzICkWuPeqRh67ELg5,3
cKkbQLrgITO1qjEHMDGY,3
CkOT69iQsaLAGq8mYEeV,3
CkYbvN6hPw21aWxKeMZG,3
clkRCKEyz7Irxd2Go9A0,3
cLqh1l9EpDBtdTGU3Zex,3
CmoiKcBj6wySzXrJIf0W,3
CNfgyDcSMLrtvzJX1uGO,3
COq8Xi1VEaDfj6MFHUPl,3
cpdsREmet3FyD1oYZVIn,3
cQobx3fFRYMVpG2TZ7UB,3
CqoxfaLiM43QWBjgmPR9,3
CqQlP6D9YapR71wb2d48,3
CrgSkfqcMliN7s19dTFE,3
cRu8ICh5i4pa1MfKeVTm,3
CTKbnhZkRy7AGstxePSd,3
Cu5NVmSalJAHvM2dp9Z1,3
cuzKqHdsxiXkQTE4ZgjN,3
Cv4pEJPDoxHsByfn2eYT,3
CVDh5bZKveU2np4wSlI8,3
cvMhPJWkl23gZjFTq4Rd,3
CVmZtqTvgep9y0Q56dSG,3
cVTwfdkWL2hzAvG3eFlH,3
cW45XHLmtsC3QgpiUvJO,3
cwAyWxKMPkXELbpBS9if,3
cWbYoAvPf4pguimFE0dh,3
CynZDa3JPgzdGSY6AOmX,3
cZJAl4tyThQ59MFEsvnR,3
CZvcR8GBrn5JIPdtqz1Y,3
D2nW4jfRsJbM3S7V0A6o,3
D2QZoxVAlsBUkSq6XgHP,3
D38l51Oj6kRCea0qhiFU,3
D3ukxpLVATJ8FR5m9Cjd,3
D4GgrKeq87NxjnyvzkY2,3
D5Rb6TvCxzcwhUsF4J9A,3
D5rOGmu3ePpWqYX7bn6j,3
d8A2vi7OX5jwgrlU9N4z,3
D8jUY2W1v0cqAGxHNVm6,3
dA9ztZeivK5lagO17kJj,3
DAr5hm7i84gJzEWTUoeG,3
DaRMwOQZm3zStcEGYxgK,3
daylB4KCkifT73MveWOR,3
DB6xp894gSmt5UAjoscY,3
Dbe0TMIG9gjHfv734XdL,3
dbMYm7QKarliBOhEDHU0,3
dbpHcR9jZeurykDsAnMT,3
DcIoXf51F3Jk7TNsjbqz,3
DeAqZxnam5iSQfEbthlP,3
DEjovOYT6qBFNflcSHbG,3
DEZyY3jrx1v9zbMASC8L,3
DFJWGxlHYve5iBUp0K46,3
dfwmzlqMShiGeVUkYoNc,3
DhbeNjB9rglXoV4TE57c,3
DHjiEJsSkPOrpdF7RNqB,3
DHqruMgb167fkLaiURX3,3
dI204lhmsui8gEwUC6ox,3
dI8PKFeWtOSqDa9yALYJ,3
DI9lm7HsTY3fNGWSZAVz,3
DIhavCQHTBOkisxU9NJG,3
DiT8evBOkIyGsdxqjAhC,3
dIUsC2eFoGQ05ifjtn3R,3
dJ1cMEjoYRts87lyD5PC,3
djhc2OzMUxYIeFaTA3HB,3
DJjxUw8TfrevydRuCSZW,3
djvbIcwe4a8HBFTKAPxR,3
djy2nxpL3gDSzf4G01vw,3
DkaztyF2x9RE0sm5PMhA,3
dKem7Eif3McSwNx4CXvs,3
dKETSOWafR8BIyGir4Qh,3
dKR7eZk6EAMLYf8215gF,3
dKt4HhezElT2nBIP6c5F,3
DkYXIHezSPlB5Gdm8stF,3
dMr6GYzt8pOD5cQTi2VS,3
dN3DR9xeJwyLlHFo5sju,3
DnptPIqdsURyYA5jkKTo,3
DNtJKyn0WV7PeS3q8FvO,3
dNv6ET2GrVMDt9AFjI73,3
dNw1IRg58zQl0oFVJS2q,3
DOBjCft8As0e5UKr7qQM,3
dOiY69mAf1JzMSr3vkcR,3
DoxvCPAMl639BK8FYpLV,3
dOZeYQCpVaBDEJG2v5zF,3
DPmzyAiN9hqjv3XKwUcf,3
dPNz4TYKuCtmpOBS1gXj,3
dqeifyYrxHMKvs0p7Um3,3
dqnMpW16rSHeyCbQ29v3,3
DRdENlt1oex93HIvs6L2,3
drq576zAkIsjDpaOCLQ0,3
DrWTYOI3wkt2aCUB61Eb,3
dRyI13DGCEntBviQLHhu,3
drZagbnxePDH7JqYt2w0,3
Ds1jB0JXO2apyzw7ieEY,3
ds2LojgFNKU7aCTM8VYD,3
dS6twLfzX3iyNv8EBnam,3
dSIY6QxZ4tXnoP8lsqmb,3
dTI7mpvZHQsJNjl0g6Gk,3
dV8TQtBk3AK6nFq4zihw,3
dv9DhwK6ClXYcZkg1rMF,3
dVmW97NCRysfpkMxSuBi,3
DW2p936zbvPKIECerA70,3
dW4sDcJMQCVOEgFjxXU0,3
dwBAfDK5Y7SQoO63qxMP,3
DWFmpGk9T0cqB1f3YCjy,3
dwIXmJU36HYyvpC8hj2n,3
dWR0pTQsxDn2aVoM37CB,3
DxXaHhzNWCijYObQsPry,3
DYzoP85CvmEU6BHWwVT0,3
DZcx05fYb82BoIs3XrAR,3
dZQBi4t7Ws5yDImRvSUj,3
E0NXAeY94PHxfbrW7KLi,3
E0qNPVLshkYDOgyto91H,3
e265VErTdZzJDUS4xA7i,3
e2taZQLKCScNzTV7d0oh,3
e3HSBfTA9MXzhEN2qIpL,3
E4SvkGO5CuB8LehadFo6,3
E54k3zBMYb1V9FHd7TGD,3
E5CSXfWRKA8yhVNk0LPj,3
e5vf7qHj2m0G1JtrpsnQ,3
E7QxgmVGInW4LClbyA5w,3
e8UthBGf0zAkSP2iVr3l,3
E8YKtDkh0O4AxmGayQ1c,3
e9d614aPtXTmKu7JjfOE,3
Eazj0IX9b3PmLoA7SHg4,3
EbBqJ7rOtZ45nIlxhKfc,3
Ed4GPSVXx8yneMLZlhKj,3
eEZIGWQA2g79rmuShpd6,3
efuhvT79QdsU0DMgJXma,3
EGDX0iWUK8h2jT51sFvA,3
EgdZfMrUuFpcJYmS3HVA,3
egFM4CjVl8Bz5pbN1Ux0,3
EgNBoa0KCYueqkMpL1R6,3
eI3B1qZCtxfr9sRHFgYz,3
EiN0dCvKSFymUpfhsbu1,3
EJOGkzrY3FVAtHgmKicu,3
ejsbn3tEcUuJAqhpgiQx,3
EkcHTrCgjeZRFKY2hN3J,3
eL9bqR8yt05jTBWgVnFs,3
ElkwpxW31RdCmvbI0Yar,3
ELsQIcq78eSCzY5jMhRW,3
ELxoB14HciO0ry2nz9qt,3
EmaFu2NQZnw4z7s1O9vl,3
emUFPnYtVzvkxo42iQqE,3
eoIwJWQq6Bcu3FHXNPdT,3
eOQrlURGuJdo8ZEqjiDk,3
epj8anqLcrRxHGVWT1Bg,3
EPz8I26gZmCOiGbWXwhx,3
EqhtziP8KUOaIHlx9ZwG,3
EQZuSxaCGw4mpAKycjLV,3
er9bQchA80iFN3lsDPmM,3
ERIA3GdHwjBm6oVL1hJX,3
Esdc6UTuzrtxhlo4GgPm,3
eSHkVGdM2AQErUmYy8gs,3
eSUGbM9WlOzdasRjqryN,3
eT5zyaVgSRMwGc2oQfHW,3
EtOUGzWcM4mAw0bBxkLR,3
Etq8FRCgeoyd05c4nlY9,3
ETWCV0YShbyazPw7n8xD,3
eu3NlqHJxfOcWkZIR87P,3
EUsYBObJ58dXKutacDx7,3
EVYzBCh5WsU7RbHMgvFK,3
eWEdpkD7rq68HxBKzXRf,3
EWhzrqv2D3kBYb6SKpUl,3
exC0jIpaqfdWOPwgrKoV,3
eXGRpaHzil5qOPQdoSb6,3
ExiOZLUCAsSm3rogNy2D,3
EXmOvQTpUAPdG728hVy3,3
eXUS3QBdChLqRxM8aYEs,3
EY5ndkeN6T8paMjCJARX,3
EYaB9R8TS2gtmQNJvuWc,3
EYhwV1UDBWaJlxNveuRp,3
EYrTyVbpPKjNo0viheGZ,3
F0N7nEHIaOfxj2kJzGXd,3
f13zcuZU92T6Md0ynX4r,3
f1RcTXe596UypN3BQm84,3
f2Vh4qUzD0ntxRFEJaMW,3
F46fOgshIUrvDZWuYnCR,3
F4DMfxlcO280BNdQSi6a,3
FamuZb1OtvK27HRgeUSM,3
fb20wREH54P1LUKWNTn7,3
FcxXkuV0dCRBhEJyj3Wq,3
fdMKx46g3GqtF0oLsPNU,3
fDvcA15FYzlk7Jr3I64X,3
feZ7xu3wlJWDkongUBiI,3
FfvCzj8YXUbDsLVARQmG,3
Fg8vNxDcn4oRuG3MZ0d1,3
Fh9HCK50ZId4PbcQDTJr,3
fJcZviE0mUTYWht9kSVe,3
fJYw618qMLlRsU0BeZGp,3
FKxO8J75rj3Cs1od0yTX,3
flGIkg7tjrJ2BF1W5QU3,3
FLgxk6wQPCmVf2hDzjl9,3
FlOzLwfIpHSmsBd18vXV,3
fLvDejnz5S0RQbJON8CV,3
fMCEj5tSwasRNbJepnuY,3
fmcNPq3vhgr5Tx8ZaRWI,3
fNAE3eU6Q4Gh5PtnCyMZ,3
fnPJ4EFtWhxVsIS3bMjz,3
FoD16RIxbOn70KasSQmC,3
FOo2f9Pz1XKwSHkyULiI,3
fPIYD8mFLkReTqZEB7dj,3
FpPsN0r6M1EKtT4GehSQ,3
FR49leoK7WDw3QtHLU6k,3
fR7HG9tZAaI1q62XnKyB,3
FrfWM0OlI5XwyoQBnutV,3
FRxXsQuBCKOgewT38iz5,3
fTBbrZUczymOPh5SpFek,3
fTeJiSYLQbPwnr61CNa0,3
FTPlW3bHICJZwrxia7hf,3
FU3u8jxK0WPVBYD61kXO,3
FuajKf6MUmELZ3O4sxlw,3
FUR0EhC7xO1QW8f6DorS,3
fuwjqFiZh5B7JgGTYNpV,3
FV7sawPxCOQ9Y8jMAGir,3
FvIYS1WO7BTpjMeH6UbK,3
FvobzqOYfnQ0klx1tZLc,3
FVv12Xkm9jouLsNpZiAn,3
FW0vdghTMl5JtBqVkp3r,3
FWmHJkilr3f9wGYgbysv,3
FYPXNW2S6eO9zMVR3HaK,3
fzicEKPN527qMsOHpAht,3
FzZLCbl3pMjoh6sWd8RY,3
g08oBJNFLwTvYI2tZeOp,3
g0DCo2kvMYdPAh4UNOjT,3
g0yHKSp9UMReb7ODs265,3
g265T09zY4b3ZExKnr1R,3
G2rmTaNBbiM5w0YI6lhy,3
g4oqfIJhBG3N7pOtnYUw,3
G4pBIT7W28V601CzoPnU,3
g6HfkWlVaE8Aj5dGSOZN,3
G80aDFlyJqitT9vBsQMZ,3
g89DUAmuqr4fMC02XSjF,3
G9MXfcb4iVKa3BeN1SLg,3
gA94Fpfcq5lRMvmkKXYJ,3
gAalL7XT1UkoxVvuZIdP,3
gaJ3ypIsYStVcNLFXRbM,3
gBceKDhWdI6jfzpsMNm5,3
GBQtWjTxb4v21NCDAaoI,3
gBvO2rS0FyHbzcR5Qp76,3
gBX47iCvYrZVDqpHeAab,3
gcAwHM1dYerUjL9O7ptm,3
gchAJP4keCm0fiXr1tDn,3
gCM2jaAJyE046GQusbiT,3
GCoiXh8BY0Nl4jO1P9zL,3
gdmNQEslb8Hut9fyw5VS,3
gDWiFA4jvZnJQ9H15Xxk,3
gDYlpwAxoP1MLSV0Fi6d,3
GDZJ2rT0NmUsgPAkzoMu,3
GFdy1EXBLj6k4ceIfvOA,3
GFUoAi5Rm0Jn1XNlcjrD,3
gGbArPzUsntR6fBWjYu5,3
gGZo4WeAKQJYSPjXDnBM,3
GHavcNsxJtgbO1IiQmB5,3
gHUIeo45cqWZX308K6km,3
GiNkXlhu50STxfgKa79q,3
gIzJEByY4vpkSQcZPH2C,3
GjlPswDEXogCA8dmZOuL,3
gJQOETXYSINzfiyrwW0C,3
GKE3r56OmluVYqIZQihx,3
GkIQt6xha5z0TcEeJRSf,3
gkJ36lWfpDUOTiMmIBse,3
GkslCwjP0TuyDUS5Yet9,3
GLzSZuahXjcxv4fQPosm,3
Gnc8AEuT1KtvpZMCh5mU,3
gPUaRd12vzpH7lkV5DhG,3
gQcxnGXHDVTCvz8hyaO9,3
grbAvIxKkFeLica6D2QJ,3
grOUwuRlHBySvhJF0nLP,3
GSoMecQhOTdXZy7D1Cjg,3
gsqykQJmjZ9FdXMeYoNa,3
gT1hoOydKQN9bPLF7nef,3
gtiXlab7VqBfK2PYzdx6,3
gTzsRE5r0qPBDLWXtOmx,3
GuQ1RtmZ6UMe5J4PTqgE,3
gvhcKkI6twz5QeJ1BjEx,3
Gw6ekSBuImx1052yTaVq,3
gw87Mocj1q69KrPG2h4V,3
GwC0nmxTeD8vO1gHXQBd,3
GwDlmTct6BZKSJPWLbXC,3
gwEG0RDkZB6Xfru7JpVQ,3
Gxk6Z5edAo4tUgFD9OsR,3
GYNuhSXjftWM0AELd7Vm,3
h0VaLmr69gdOiyRwStZQ,3
h13m9RvHr5FdnYkiS2yL,3
h1gS8bA0I3xJoX5zVZ7U,3
H6pGwSYfNmZVd80aeWg3,3
H6ybDOrvej4UfdInC92M,3
H7LQjtba5R2NymoArTdi,3
ha3muSrdjiVkA1JeBQ45,3
hacIJolu0XmpydkYRK8r,3
HaFcfJxs8Dtyvl2rPnMi,3
hAtDMOrJazquYw7Xk0Zj,3
hATF04dxIqGvZSkmK8ru,3
HatR5OEDxJYmzrQqCjAl,3
HaUeYinvf3MuGdmjSBI0,3
HBmJ8DWMVSpdY436O5Ao,3
HBoK6P8VSAEZhR5z4Qq2,3
Hbpnmseqw4hRxokOElPU,3
hBYQGegI6O5bvH0P3TXL,3
hBZHIa6WXjLPgdQyETGu,3
HC2Q3pvFOGnSTBwk1cl0,3
hCoF1baLwU4QytIcXxJV,3
hCsobXIAEn6SzjftWM90,3
hdm2IYJXvzDOotwQuRc5,3
HdPOW0iUNmv5bu19nYey,3
hdYWDuVTnF3kPv9CI4Er,3
HeBQriWlXgyVJcI31Y7f,3
HFa7lQeGbUMP8hwKTr9J,3
HfclpJgDhXPiKA6IdQVw,3
hGCvxqyauRfgwi9Bz0DM,3
Hginatj9xKRWTLDb3Jyc,3
HiSpfPqjrLZOE6h7JNau,3
HJQiyIRqr6FPeBcoaEsk,3
hKiIqfUL3M9jvJVCFBAp,3
Hks26SvPR94LVbTMGIDW,3
Hl2P1kxawM74dKtuoA9c,3
hLFrZkvCVugAjGlTcQ1n,3
HlhIyxPo0Ozd9eSkw7RY,3
HlNZFbwm7TDPefvzptok,3
hLScZoszGW7CEOekdfTR,3
HlukEnBqpOFY4yLPUtDe,3
HM9Jf7GmpNd2DLZVcxva,3
hMC14VJ78NDsKSotHYeu,3
hmljZYQoVN82BXJOSEtz,3
hmnKR1fgGFeidy5OHP9C,3
hmPkwqAdWUyQHjFsatCJ,3
hmW0kZVbo2URyzBOiale,3
hNboYglQSecVZ1LntIGf,3
HndZocCNMY04QBlpr7gk,3
HngN1QsVwobWqJB3RXCz,3
ho9d5i06MgDQnwOzUWyC,3
hOtXLq9on7svPe4NTpAd,3
HPONF4CalK7MzhrRtewg,3
Hq6B27bhV0lgvwaLGECx,3
HQCNdPn3ytMDrB96b8kX,3
hsNbP67uBJjwyXVpcRqY,3
HsQ5djezVw4mtEoLChWn,3
hSuPy5UBrG3FDZsKd1O2,3
hTOJKwgGvBxb3dS8e9cn,3
htuGR4dWY0eTLVOKFxv9,3
hv70Fi3rwKSlcsq6DmCE,3
hV9s7iFoKgMuRTDep8Ny,3
hVA2zb6ogGrDYKTZHLv0,3
HwaNjn9qIMErWxD7zUPy,3
hwb7WlKfRcgA2CVXHPYv,3
hwHqFn9SxcKJCr8LUaz2,3
HWK4xCdIALnTeX5N2QVs,3
HWREIhidcbm5xuKqa9JX,3
hWrFmiajeZ8bENA2sydM,3
hwV2CQqmA7U3kbvOJKPs,3
HXtJlrBZMsOCKDnL10Tw,3
HyB753uOmdz0NRFwqtDc,3
HyITQWvZXan3zBoDpCA0,3
hyx7urYs1ViGUA3PT0XK,3
HZ1WSp9dEVFumCsKg8Rv,3
Hzek5JnwTtjLCOUqMBo9,3
HzlaKhEW2n6x0FMBqdCp,3
I0HXFY9SZJROGPl1yrBN,3
I21HaMnK9rSlpNvoyUhg,3
i2SFanX7HzmQCjYKvGrI,3
i3aXmKk5LswFcx8dYbBN,3
I3E9CHzBKNQp8j0LOlmF,3
I3hyQOBZM0Kxpmj6a74D,3
I3zcG1EdgynLPstV7bHQ,3
i6HCJxaZV5cBzW1NUuof,3
I6zJbjtT7gxKcwVWf29C,3
i7bf4rs8NXY5L0D6hzVy,3
i7OuEoAMRfXK6FW02vkr,3
i8bxZAEuLCsRG0WIyOBv,3
i8kCqcbvENuprBmKX46L,3
i9IUuFXp4GLzKxO1V0NB,3
I9kTFMd54bYQOAngUfqW,3
ia4wxFc6n0RdAuKXz23Y,3
iAG4k1vc8m0l7RXSYpNr,3
iBIGzWL1AFKxqUrjo0Sg,3
iCjLYXNmqyRhtbeWfFG5,3
iCvAxEGIW5wnpmhfNK2y,3
IcVuwSpZQzmUql3OxAva,3
ICzpyf6g71v5FmNZtVEx,3
IDiWpOxNgsJ6SHyFCjhb,3
IehXbMUBZRNgHu3pvAm0,3
IGlvaPi7VTjxkAmFb05C,3
IGWl2w5OhUjD4oxuA1H8,3
iH6v0dnEp7RDSGh2VuCZ,3
IhFqSl92jfo3yw5Bzpg4,3
IHimG98vhtXQ0DF24r6O,3
IJ7PHaulCRySGjKf0DEt,3
IjnHoDlh2bXyr7FmeYzT,3
IJVGstw6jylqvRrkMocZ,3
ikWOqdCK57rcjxP4SJZD,3
IMbPzjHdRV0pgNQXqLKF,3
ImBUE37WLcf9PJ4kgZnl,3
iMfxGbk126VRgczUIp03,3
IMhunfg5toLaeisPO03J,3
iMoflC6sreq7YZ3B2P0b,3
IndbLEkgMT0ZXa7DS4YH,3
indtboM4Vuay6ZkYIQNW,3
infCxsk45eNY6QbKt23u,3
IOhZiUpwmnve43ofur1G,3
IpeJrMZy9XDfBVPGvjmU,3
IphOGU7e9aVLo1s8XkC2,3
iPIBLrzewX8YydsAOtnu,3
iPIKOaZ32BTRHYqw4CAJ,3
iPKzLTFxOa5GWwQo1YIq,3
Ipt2fgymMd7K8BO1YF4P,3
Iq568cLUZv7RVxy2dr0f,3
iQDcR43OKXIJzT5WV8AH,3
iqIar6PNOtQDBcZV41u8,3
IqNLyv6Bw15TOQs0JPf8,3
iQXbGho7apwfn4CKktAz,3
IQZ1HSzefy0jUGF8VAlx,3
IR9gtO0weU7DWVqhJryu,3
iRDBIyTSNfnr93j864dc,3
IRdfwEvMDHeQVSa1pntx,3
IrmlDPzxU72SNhFbWjB8,3
iRMsohvN31qUCQDFL7we,3
IRqeDsmQajGnB4g718wy,3
is6TmBdqUpHwe8hA9SZM,3
iTYV7QcEhq15JGZKWzk3,3
iUbaSXxgBdTnsP8HplMO,3
Iukne97MAiEOoY6CSh5y,3
iV1LFWfRsnP3huM8lypw,3
iV6KNhbmAX73uZfq1OEW,3
iVpCDGotFUS5fMHOz9qA,3
iWHoYVvyGgmCQ4NEzRU3,3
IWUFk2w6THtdVq9yzn4s,3
IxQyphN8rDiOn3dYsjS6,3
IYFTBN6LCn7SEQgbPOaU,3
j06GEwJCPFkXusRhlc8D,3
J0rnxEdNDeRzHLbOa5Mq,3
J2PUnDWVabBmrFxKEeYG,3
J2qhWn8lStp39MUZOEjX,3
J31r0hE2xFveWf6CNwGa,3
j375bQGwkDU9X18WA2IS,3
J38TtGLfwWuy90Ip76QK,3
j4dgfzhlaw1exCvbJAQS,3
j5V8KdXkywtlSHNPCBcx,3
j6zenOwUWpPruio3Xk4b,3
J7D1FsxuEnKf0mk654PR,3
J8t7sprOxIUbZyg1cmBu,3
J9r7hPHKaZY6eSAFptjE,3
j9ViIqQ4RXTm7hSFwblW,3
JahiBscoyeldwpEV0mxW,3
jaHTAc6MVElKrygs1CzO,3
jan6Lld9PSf5ZG4iOuFq,3
JaQydTjesbikFpx6m9Zv,3
JARHFzZD26e3iQIaCEoV,3
JbaZC7Fdx0rzD83LEghm,3
jBIefpw1x6UGi2WPAOFM,3
jBqmxJCU0dZTO3kSyhMI,3
jCzu57r2voR9A86hFgHp,3
JCzVMIhYuK13LZgo6Nct,3
jDO07nLsp3BTQSIuaYAF,3
jdqclF2YAsm4LJwZUxPN,3
JDWPrC4Vh2SevtkYimaz,3
JEbogFC9kPnGSdi2KDaZ,3
JecsGrMgn5xWXVkyj2Io,3
jEYIT73vQGWhCm8qNFB2,3
jf1ACezG8V546aklihHu,3
JFiGldVRDj6MrH3fAK7L,3
Jgp1wWtT2sOZKb5FSAy7,3
jGt4cydZi2DSfu3qbxHV,3
jGtigsJRXU0zaMbcmpHl,3
JH7LVWse20z1Q5Onfcy9,3
jhF9uVUQXrSw7bOt3Jkg,3
jIDdt1WG4JV3zMa0XSb2,3
JitysIgm3CB0nDK1W4ko,3
Jj54oORSMYe7HDUKENpr,3
jkMgsX9OEfWmPqbChLH1,3
JKprfw8QS7yketdHLFEU,3
jl43RFd29W1mwxtQ0bI8,3
jL9VyspPbfEoQ38lCFZG,3
jLGqVQ7B0iuS86YPRd4r,3
JLiNd1ksMDOB4P9cWY2b,3
jlPuQh3av94snwycJEZT,3
JnOV89xWwmhI4HR0XL7o,3
jnP3ldrIwpWfEg8ODV9K,3
JO2iskzUlBVGj6Y4PEZc,3
JoDLpkCx5ziwtAU73NVF,3
JON9kgnBYK4WXdoElIRQ,3
jPuWJtg4px1DwvFAVb6e,3
JQbyODV7raAtZHldLfS0,3
jqh5tdZW7RfngvkY4B0U,3
jqNt0mQMAOPZDHWxc6sY,3
jqV2ma0FQyYhcXxn7siJ,3
JRpgnDye94P8crMsVNHv,3
JS8ZjyGstceXaxVgH5bE,3
jSbcLy3rlkYhEd927p0P,3
jtEkniTysxuqG6DhAX57,3
JtevPL4ZkR8c0QVuyAni,3
jtQ2rfKXL79cdBM5nwDW,3
jwSaizlJICMDZyYkH3FG,3
JwXPAuRDQva5FYe8t30z,3
Jxk7hoBREPTaL6vfQj4w,3
Jxo85BDNHMavFUSnplZO,3
jXORAVkMBKhU0gbS4126,3
jynSzuQrYfI7eGHWKmPZ,3
JyqYht41w6dOsI7enAF5,3
Jyr4P9SzRXWmEgFwhfub,3
JzqSF8afm6XETrWbLpHl,3
JZyx7pL2ueEr1Nwlj8aD,3
jZzi1wtyQf5L7HuTO9hU,3
k0LehV4nOdwpWZ7DmSbM,3
k0ZLV6BAGJySHuP3RK78,3
K107ZHO9Xzc5aqiuxUmo,3
k21wH4fuKrALS8z9hXVO,3
K2jS3nvYxiVstye7IcCO,3
K2ol7hqUFu9A4kIXMnd0,3
0qPGt4cRVk9NoiJgubf2,4
1PQFYMSBLAO9TmKk2Zhj,4
1S9ui2XqltCJAOGUPw7v,4
2CfJMa5HIn6D1d9EXbpe,4
2g4C03AeqoZR6ctiF1Qr,4
2VhINMP4oKmsnjZkY38U,4
2YNFrzjaecyUInXCDVmt,4
2ZY5e4PHsEAvkziQGFR6,4
32r6nRhN1UCwtFTfy8ZG,4
3d2x0BYR7aiJLfPNsbgo,4
3WhAuJ8OlUsk2XT0ImiK,4
4AGv29WBlocjZiPIKqsp,4
4aMbnHlA9es8vKmOFR2Z,4
4AuqM30HyOajgr8SleRL,4
4suKxkVWNqFQZLB5UfXD,4
4ZBJzEqnW52fFUw0PG3v,4
508Uk9z1gvCtucARFWG3,4
50fz3EgBdYQKMjvinR9w,4
5aqZV2vfkm63IeXYPlWg,4
5dqijn0zcEPgONTLFRoI,4
5JfdLYbqX8oFmD1WTg97,4
5QOWxyz7oqf9T6KIBDbk,4
5qQY8mHGLFA1pZgWPOXM,4
5tQ4OCNKrDpPhWB7ngou,4
6d0uJ9rYK1FcjRimvVNt,4
6EnhedlGIKp14bXusfwo,4
6FnbGwkoRmj0ltYiPpZE,4
6gHI9qzDjmLhd4nWS3oi,4
6GRw1oqBOEjgbYI093UA,4
6PG57gUmE2rLebCBTMno,4
6u25JYNBy8wzSHUjqxvh,4
6VNXsCD0lueo1nw3KO5M,4
6WbENDkcC750euPGqApQ,4
7cnyTvamsXhUi5IdSlZ4,4
7D92cJaF5QIdpA1OEhSt,4
7Ebd8M0gDHBRIjFvr6SQ,4
7KHscjvztoka0QpqYFxb,4
7LCKOhHDaXRbcFwxdnz5,4
7OZ8auLijd26EwXcIGHo,4
7QrNYCk9O18JlZWgxmwE,4
7r4nyOFDRwkc2EgxopWV,4
81jMeyEZiOpJkCuBlDYg,4
849LvXpTdqesHuxnwfOG,4
8a3GEC7cPKtx0lI6qYvL,4
8KNqArVDfusEobR4Y0lO,4
8odIrLKhPvcDWNCVasUl,4
8wFGat9S6sIJCNmd20zq,4
8wy0Pnkc3eJBq1WNSUFG,4
97o6x4ZILtD8bJsd0EQ1,4
9M6r8hsleUKTmvfB7Yn2,4
9MFzgoiD3y0BXQGdY8vq,4
9ybCjYPNtAS3pBU7IfdR,4
A7QialhFt2kLjBGXw5qI,4
AgSXb01HILY3mVwfnesd,4
AiaszSGJFhg0wbtyR8Op,4
AmPVn2SGUxg8IT3BDda9,4
aneBJbW8khZgVxqGIKEU,4
ARIuhH95Kori4B8wmQLM,4
Atpz1WjXkcIo7l5TPh9Y,4
b6ZsxrcU9oTlziSwDGVI,4
banLTf3rYzPjOMK1osqd,4
BdDpAUVrf32Hwm5ex74o,4
BiYN91OHbgmVJnjuDyGk,4
Bj1A0a6Ec4MIUQzfsTg7,4
BlHZ9E0sqgPcLaK1nVCt,4
buBXk0VawKfpYLytPxFj,4
bv0C5hAytloHIWaUG6r7,4
Bv7fxdPDSZKmAXGp8baQ,4
CJR6XzFHGUfeDMsh8xQk,4
cMDuGY0R5UbhJNtkHnq9,4
CnhXYK6fcAieFjQgJ4Hv,4
COz1qc0Ds7RHkdbQBwvU,4
cquHZ28hReUoI4aJGKin,4
CRYTnotb5J4qHfviU2DS,4
CUomVD70p3O8MFkwiTsd,4
Czgw1rG4JPoV5ksNDuEx,4
d2xiVKZe4JTgBQSkOntW,4
D6WLAbdEhBvgXrRMJkao,4
DAJWPTcYfBXlRz6oa8m7,4
DMtdk84SP10RYjaZEUxz,4
DR3eyfHBIJgK08krA1CT,4
Dri7s2veJT4hj0R3aHkf,4
e7cuTA6PjE1vU2b9qHOt,4
EcRZsJXubnGd8eSImAWa,4
eh7tKw0LaQpW2mgUAOVH,4
EKmgShQsf6a9vY0znNlU,4
emfAXPk3uGVwRaCF9Zgh,4
eoYx592qRyF10HBdaJ8L,4
ew25jRNd81oLryHW4ZVI,4
EYJryk0oKhPwRNbWuIUz,4
ezpQ9ksPIVhAarCwSg70,4
fbYAeW5rtdnFRcsvyo3X,4
FdPwzJ95fRp1LGceAEWI,4
FLjUoM3ahgeXQuRmAS8O,4
fmEhB62Z9MnsSJX7bRAQ,4
fMeiEQ4BrOm0dCgY71Fu,4
FNAVfQgh4a6k3lUY5ZcK,4
fnHDty72dWwjkXgYqUPA,4
FnyqR98g2mSZNIeLiG4o,4
FqEZWbA3xlSf178hYjMn,4
frgtup5NAaT9qRVDj4hO,4
Ft0dsjHpwqcWoXK6ST7n,4
FtBHiVSc1PAaxelsC7yg,4
G2wlN4BuxnLUHiXQeSZR,4
g80ZFdKzRoNCvqTcejrV,4
gacV7j1fSJ2ObNlykwEq,4
GeB24sD0kRKbZFrSdpNw,4
GHyIqK3kbD7SvBftzaYo,4
GP9MBktKncadV1gF7N25,4
gPRfarzs4W7Notj0liHM,4
GTXj5Lg2ZF4tJAsPBCYc,4
H2toBzikE7AxGYNnZMXq,4
H6lnwc5Ixk3o8O7iXtJK,4
hd13cetC4NLr7TpAYxui,4
hdJnQNkT6b4yDeVwaR3F,4
HeJ3ZCW4yLRrdktsnKo1,4
hnGHbT23JFgl9ORqPKuk,4
i1OyRUG9mCvIZYD6olNT,4
idDSEvTsVqZhI7MlKnGu,4
IDZd8YoXcfnmkEUjv5Ba,4
IH0aSRoevUGE3k9FDhJA,4
ihT109rSABLfdRNxvMGW,4
IkdgWAqnBm803YZfuQxX,4
iKQcpTlzFkgrb7RJyjDs,4
InuTWEf1OgdiQD3lRcHz,4
IUSuf2hBaRG8yrNJqDHz,4
IX7eM5rAgK4qpOjo9RDT,4
j3thgSImoFBZAPsrpaqT,4
J9BpcFqysLwr0YHeNt2o,4
JeR146WPmlVnxKvQAESb,4
jEZkrOP7GayNmiXdget5,4
Jpvuw1BibgPOt0SnKD9Q,4
jrg4n6P8cIGoSBXyWAtp,4
Ju4nWgOCHXBlyZmTo51e,4
jV8cSxM45pXgW7JPo6qt,4
jV9q0Ae8pCmL7iGRDv6o,4
k2uRGpoUItiWrTga9ysQ,4
k2W1nfmMKqwIPxsl6ire,4
k4x01p8qFl7i5tbSBDJf,4
k7pFAZu4qLvW3o0hNHPf,4
kCyuYhjLRZU7XF52NVzo,4
kczYF5vSxW3ZrilfJesd,4
kei4pRX9ENQaKFsLcOU1,4
kjn4yXdo0iLCmZ9GugOV,4
kl6Lw0U7WYT2biJXhP3y,4
kS8dLUGCRbajYvJZyDPe,4
KsaoU1ZWTfqSFYbOxPg8,4
l387nbiI4TU9LNMQt1Fe,4
l4UcKFH3ZaGOvsxnzYdC,4
l5zY6vNZbOKF07uSn2Am,4
lBuYeZUbtHQVsh7Tn2NJ,4
LgeBlyYQAD1NiVGRuxwk,4
LH5pzdDSPOtgIaBC1jWo,4
lLvracbzqACpwsUtnuHh,4
LNAnljesrEDma5oUfVZI,4
LOqA6FX02GWguYrI1Zbe,4
1IpWLz6eyhVxDAfQMKEd,5
1KB3Z7gd5aN4Xmx8W0sf,5
2qAtoGOuMQZdmH3y7bEY,5
5tMCNKDogQ2x7zwUbpcZ,5
b59dlNEacoYUAyeR4Ipq,5
bGPHZFpAL3N957064wzj,5
BKXtxeYlLsprabEWIQhn,5
cIojVJGQOtrL0S1ApeDY,5
cYb4XuNSqOA9IFLHseG1,5
Dj3FqX9IAHco2tG1UOZS,5
fyH8oWql4rg7tEJSLpIB,5
gB105vrJPbcGCtuj7p4a,5
GkMBlvTidr5oyYOVJCwc,5
hrguW0CqMt2mJdfvX8IB,5
idjesBrKybwkzPXMalUL,5
02mlBLHZTDFXGa7Nt6cr,6
03nJaQV6K2ObICUmyWoR,6
05LHG8fR3iPn6agIo9z7,6
08BX5Slp2I1FraZWbc6j,6
09CPNMYyQjSguFrE8UOf,6
0Cq4wfhLrKBJiut1lYAZ,6
0NXFnJyOEhBAISKfiU67,6
0uDV25KpjABxvQ1rXgzT,6
1h7nkscUw5lDurHXPE20,6
1i2SThtkCGEplHeoJxqI,6
1MnbpHvF3KGLS49yARaJ,6
1Nu6CWGKlM4Xgi2x9a8H,6
1R0pmNFb5znDi6aTVeZt,6
1rc8uNR5MiqVm6Do0xSH,6
1Skcwz5YxWihMqIyt30X,6
1WCXg8qEtJFITMilaf6k,6
27c0DulJmYsz8ajZULHC,6
2Bd4uWfoseKRLOF7ngE3,6
2bdEFfrZnB04XGIDig3t,6
2cSXHIY6r89uUvsZfqzE,6
2eJq8SOvi1Bs4T9XNEj6,6
2mBVr9lk6YuoNQH4AxvT,6
2zN5EbfhwyZKgGodjiQu,6
387RdPoyKxJIZr1YNcO6,6
3CPhpEu8klwsgLmRMeWx,6
3dTW6tCkHoQyrBAc2ZmF,6
3HJ4foTSEmRz6jXPwg58,6
3QYwp0UhaluvGBfbmg86,6
3UBNSVDERQHw0cGdsWrq,6
40dBpWDhOUzZ5yVAKJF3,6
41sxuO3ZpR5vAc0Kbjqe,6
45bI6DlJUGh8KF01ExTW,6
4AlXcLmdg8JIsuxta617,6
4FQo2tfqCepl1ArsyMN8,6
4GUWMjfCbyK9ZrOeaBPT,6
4HqASXIbximkfN9TygZn,6
4KuEofPrvHURC9i8JGnt,6
4kuxDJlwWHMi5KX3SVQq,6
4nEqldNaweD7j806tbhk,6
4PIo3NbSDfGxFc8gQ9M0,6
4TbLDIiV9qtauMfs56QX,6
4ToSq9HwhD3mBVuKJgdF,6
4xre6uX7BbkCW0LtSQdn,6
51qVyQZvcFaz89onAOBS,6
5LFfKQjM4c1TNgmrEHpX,6
5VehuFCfK08kZx2DH1Wv,6
5Yd31sEr80tzanSMhICl,6
61rOtseYwGE8lUgPRTCi,6
69MHIoldGcUTvxEOXJyw,6
6Ep5PZ3J09edDNo4ahx8,6
6GaTso4MCOr0gtjBN3iv,6
6iWV9FBp4nHOu27coSLw,6
6m2KfEwGe3bJakIr8Vhj,6
6wHyQ3DVLMBtsxnhGvmo,6
704DS8ZCuOtUahTQ1EYx,6
70f4QazO1NlpXMST2LcE,6
7j2o04UxtlpFuTPrHXLa,6
7NmGCFUTuWswvVJMRfEb,6
7QNdReHl4GMupPJ6yiFs,6
7rvpSAIkeV8TKQDi0lw5,6
7VlzMYyLUfaWkmPe4huH,6
83up2hzQfPn5BcFaRwXO,6
86ltmd4JPQnVozyK37bB,6
8DpsvFOT0onWwUe3Larc,6
8jN4P37vE9ROTiHoZaDG,6
8jX6hZi1mQeASB0vwIn7,6
8uLBi1sUnKQoVyYCW0SP,6
8vbY5BPnrKjZRmGASxHk,6
8wsldXc6EzeFC4TNn7Lk,6
93tGL7eRYkUqXnDw8POJ,6
9FxgivRPntUB4YcV5IJa,6
9kWYKpxTBGXd13Py6Ulw,6
9lIdfH73S6PZrp54gVwA,6
9PcpS0d47xHb5aeCVUsQ,6
9ugQ8rA0fRaSOdVHbsYM,6
9YUP4268XrNQmCpzdf0i,6
9ZLhFl4N2dUJfDQe0jRS,6
A0HW9QwOgnLmyKb18REj,6
Aag8xz4w7b03jD6mG1Yh,6
aDMhrzLGy1bKt0s8NvVg,6
AdTYlL1J4j9HUiy87Dmg,6
Aghn9OrSzad2DvLYPtqV,6
AGmSytfUCDr7JBdjT0in,6
AhSJeUwl3tMBr64LZVGF,6
AKzFf5dE2PxtL0YqXv7G,6
AmHfokTwSZI8QhipvEDq,6
AncaPV65W0ugYNvEohMU,6
ansvDACdc5lbXmUYxNWP,6
ANz6knJhUMmGgC2av4iB,6
aQfkEzM0K4RH8bIexyTd,6
ATKzi05WXfeNpJPcvmaZ,6
avEsqegSVNdCUIAX53cY,6
avKCprtmoRuXSeDNi5HU,6
aylR8xBNVPfJ4eICGLDM,6
b2nCMhEW137KuGiLXkf9,6
BC3It0Ak7YM9UQXVZnes,6
bfcBD4vaOtUJG6K5imqx,6
BkI0DfGqsHhejTp3v1RP,6
BLUqHvpdaytR0E3rZMu6,6
BnRgI07aqODWw3FcKL6G,6
boOznJjLCqDKkAT9RB0m,6
BShUIfCj1Z8recsNWYT6,6
BT7h2e3AcNWn6UvO5CIx,6
bYC6r58y9BWvjScdVaFg,6
bzPNrBFW6RH1wIQ5n4tD,6
Bzyp1k9xuJK3nWLsPCSa,6
c1VozPdAFBwHfagjWCls,6
c8Q7CVawB6vyUIoN0PA2,6
CDFibvHczSl9akfOEBwo,6
Cg8vhSQsrO2Nw6tWAUji,6
CGtMcxADYKyHhnTrebkz,6
chAu06VgWqvZ3LOoaEep,6
ci6Su0WdoDLIG5vnJhay,6
CiTx6mEeoVk3sb9fBFIA,6
CJyopa7dqfBGlR6wUgSV,6
CkLqJlgnTZ3jpIhHs9MD,6
CL5Moas9hliPGv6nYSyj,6
cNVHORo5DAFCQe6TWSbm,6
CpqoJfz2l3hv9bsUOBHR,6
cvAsfnPdeYD5prT3Xgh8,6
CWDE4xUiRdwmFGAt80pn,6
D3jQCuyHtAEkisVxw7Wd,6
D6C4HPXEmQVd7Y9esqv0,6
d7XHlwrYtyQk8CNIa0AU,6
DaZMVyFxkg6QBRnHILl5,6
DcgUNdMzXlah1kbxiYtv,6
DfvPWwzumHhd5oyZc6Nx,6
dI1vM43Nq9uSAlZYCoV2,6
DibnkXflY49wcOpo7vyK,6
dNVnhr0jiTPeY98JGZoQ,6
DohL5RXbrCuUNZtM28x7,6
dPwStgZb4mJYACKDilp8,6
DrSkvafcTm2A4BNzdVUt,6
dUfv0TkQX9qN1PzWpcFl,6
DvdM5Zpx96qKuN3cAt1y,6
dvPzx04ftaoVyH1RDnTr,6
dVSQ8bXUG0Jol3ZmDqOp,6
DYt4WIhbnmgyJkxEC6dT,6
e10PUY97MwByIDjA8LEF,6
E3byOtrSIqhfnYPQmLkl,6
E5wAy6O7Dp3IrsukthZS,6
E6VX0GAxMWQaRjsCHt7Y,6
Eg0QLdf5AyMFwxo1K37H,6
EikHh6MSgAax1RKQDCoY,6
ejK1lrfCdNmypPw5suUk,6
ejZcdzv9sJwgumyEkK6f,6
eMFqiPYQxfpHgKZ3W4lB,6
eoPuaT8J5b27BzyNCiVr,6
EpVF6whltPArouQzvC34,6
ET1tAiVW5rGwDjgsQxYL,6
EtbJHF7V6NrkBXzCqjsI,6
etGodBiH4V2DKrbMjx0S,6
euYJQIOhtv8FlApXdo63,6
Ew2gMnUpYlyFBcIsjkDJ,6
Ewi4DkoMZnX32pfdhRem,6
EWY8v9Rhfeb5pxdStiTz,6
exGy3iaKJmRprdHcB0NO,6
f1KTZSymHw5na9Vz4Nsd,6
f3ESKUTJrxZQ5nBjVPgG,6
F5seRNPKIpdXGfZCzVcq,6
f6pdT5DB7mb19JcLC2Pq,6
F8CeVXzxLhnjo0BHATPZ,6
fdKU92Heigr1xALlFTkS,6
FEA6d5CzUyqoZPS8tfQk,6
Ff18Z46XwGmvbtgQTEpj,6
fjTHiqwEYGch15B3NLtx,6
fljGbXsC06zBq8JZEv79,6
FLKI3hDWBycN2niT0PmJ,6
fLUpvqmYE2OskXAB8jJW,6
FOScZ1qtiRyYEQTVK4XH,6
FT2MUWLyVQ1ERiCfgckH,6
furjbFsqkwKzaNxB3RDL,6
Fw3QCzKGsD9e86pgLiIm,6
fYg80o1ZPt96VGrpAnFT,6
FyVRginQdtTpSj14k5hf,6
g4EyujTPMQHLfVIRlDWS,6
gG23n7f1CLM6mZSrjIHb,6
gh38VeyNnLw0ucFzAKdH,6
gitPaXxIMeKOZRTW2k34,6
GK590Jem3FA1kspq7PoO,6
gPz42XwWbl7JVAQytYxT,6
GsuSRCHvMtXQDYAkiKWw,6
gVOE7DmPnKrA2Yj5Fz41,6
GXteK0J692hS4YnpNzWu,6
gyZztfseanvGp5uX2qix,6
GZJ3hp4v8AzVB6imf1Il,6
H0MWhBng75iZPVOTNdas,6
h60RzHtWuaqKJU7s9lVA,6
h6O5H92YWwJ7r1pRELge,6
hdGzSti0HYqTLaZ4lrmv,6
hfou5GTCL1HKIYcUEp0q,6
HJEl5j7Rz0OgarybNnh3,6
HnCIJEd3foNTBUtSv7wK,6
hOlL91KTQSUNmYyBqApe,6
Hos7LWmZR926VO5Kcgpd,6
HPgEAKLnivQmBkXh6jFc,6
hpqvBuROHrncA5E0fxjy,6
HqFd1seJ8IURTuwDbW90,6
hqw8ogsWNJYEvS7c0BOk,6
hqzvHQ4UBkTPinujM1RC,6
HuD3AtnJlpCVLdkIWsZS,6
HVlorUn2MsXN6BdZghv4,6
hvrK1mqLoOAniPVSXbQg,6
hwxS01rbZ96nIgmUPMLN,6
i7CLX9fEoxgIDnrS2Kt6,6
I7LJAB2rbs1XKMYVmvdx,6
I8GxNTCH0XVoJ6FamwBD,6
I908mGcdwzlf6oS3QOFT,6
iCnEzomH19dKjvfZQ4g8,6
iJv4tyTMw2QR7qIF1LUb,6
IlSeoJ68B1bWqwd7kvM2,6
InV3KRNESFBqMHUDabGw,6
iqS2Jm1Iv3GCEUpof5ua,6
isqLdxNQRBISP20C98A4,6
ITuyGmaJlwE1Yfd6UZLO,6
iTxBuDhGr8bFeHn2qQ1N,6
iwJOhQfj1vm6qbGcE0ZY,6
ixEDUaglAT6ZwM0FGCSu,6
ixTICoNORELUk9wlpGa0,6
IZWuOMidGxg1HYNP9fJr,6
j7EMTLk2BV1upcU9tgqa,6
J8pNXRP9FacnW7ivEYKd,6
jBRENK34v8VzuSOUQIFJ,6
jcH6s8DNVoleU3d9tiZL,6
jfoOKUzAhdHWvuLeJxCN,6
jgHCV89D0RbYKqhxwXMi,6
jlOU12YZu5dLceTICW6K,6
JlyfLgRt2pYs1cmZeHXE,6
jM2ezG5TVpPDmlEBZN7b,6
jQFsKBUnJC8qGSx34M1f,6
jqIy4VhtwkTvFlZLYHAa,6
JtWBSmnZzAXRlsybcNPj,6
juGVt8nSNeo7OJr2p0md,6
jwgGHFRmiL6BlXrebIuJ,6
JxCiRHy4M6F5Kw8rDfjq,6
jy6vK4hB8Z2eYMFXdkbP,6
K05YJpcfyTCU4EdShQI1,6
K48cme3a1Bsfl2xoG7dD,6
k5wXQtLF1RumvGs8fSZc,6
k9H1WjlnQPASt0mg25hB,6
kc01Wwz52sCaEVlFXgpG,6
kc7Nvnm89I3FdoMr0YOR,6
KHmRYShqZacoQEOJx862,6
KHtk3pyb0qUlQr9hJda6,6
09LXtWxm1EbK5uVqcQS3,7
0eN9lyQfwmTVk7C2ZoYp,7
0PlfqyKM1JtYZx2me5FU,7
18te652nLyCi3IrZqMOJ,7
1FAxSngsym35phwROGl0,7
1iWTJCzlSZgempU2xf04,7
1jinhWv67o4ODebAw5Q2,7
1KjZ4An78sOytkzgRL0E,7
1nLqk0H5NYdR4OiJ6mob,7
1vhszDdnUVgZ9M5kRYQx,7
21ORx5nk8fcZH4eWDImo,7
25JcvPNOIBXgSrAEtpUy,7
28U1hRkQ6Yl57493ZdXD,7
2AiNV4msBIWd51whz9Xp,7
2v1WwXSQbf3RrN4eTG8l,7
2xlhAE5LO8RFfczB6ep3,7
2ZlLcMw4Vkim1pNYXj9v,7
35dbDR8KSIwZNAPlcgTi,7
36jPFlq7zebvLdED82Up,7
3yALVj1gQbw6HfK4WMvl,7
4EB7To6p1z8FAQekCjZi,7
4wv86XGCOkUWEAPrJtDi,7
4YUVqM7twOzoH2ABPJIi,7
5EVhC0IMi1dNb7TtgxRa,7
5mTjuSpdDG8k1IBHaPqY,7
6CbnMfItA5py0odwQjPR,7
6cylqphx5sHCm4fYBEdK,7
6gHQkuhNCliso84zvqMG,7
6iSL1WkDHVIUqJzGmnhN,7
6nyOgqz1XDCm9QsK4BRv,7
7edjQGTXowvNgS9uVi5J,7
7h32P6rADjMVEQuoOJIB,7
7KqfVlEBOmr6tTQewNG8,7
7ptdL0VO1BzPlWXnGHwJ,7
7Tqx4LAfG8hZHivBO0CD,7
86kXs2U1IEtu7d3fvxJY,7
8nEhOVz5vMCKpNrBRg2D,7
9C7P6vDFXbryOshpKcfn,7
9yKCnSl4BGRbj2tDYVUi,7
a5n3BtqdsJlZfup90MS7,7
a82KdTuoj3nB9bU7IfeJ,7
a8hZBDrjGiMdtzSklFNV,7
adQni6wWvTPIkf0xsZy7,7
Aoa1lgwOyETuRGsIHCe3,7
AOkiJWGCyavIe0cmMZBh,7
AtjeimUnQDzEqb6TN8cC,7
aXbDi405xeqQynl69Yk2,7
aXnIKb9Cpyd8iPrZ4qm3,7
AXvM7mlBfJ8eHVDcspNz,7
AydrZmxNDPoiRfbvXCW8,7
bghZNsw5nk9KBIJ7F1iA,7
bipFgQ8uwHkO9rnRfWDC,7
BsLcIW6ren2ZUDX74Cbu,7
BUDV6TrHowk5tGJxvsnj,7
bZz2OoQmqx0PdGBhaHKk,7
C4VIpEJ5KlvuetjhLdX3,7
cHbuRhD5wCrTyNjBtFM6,7
CNKfaU6TP8kg2mnHh5SD,7
CnYUH3dAJoPrSIc2xkF4,7
crOuVx8jI6DARFmhWJlM,7
cuQANt4oBpMzmYKRkGf6,7
d4ABW7XyvPzItZuoQ6MT,7
D5IFWSHNBGQ830htKavg,7
d5ki60fcbqeH3SvZzpoB,7
DbAU9EVq0yd2C5cw1ihM,7
dClSn1heupsZWENJzmxQ,7
DhWInBmVuLfEF18YRPHZ,7
DKs0lpax9nB8gS3XRuEb,7
dkX9UMse72OSJN0Ewtuo,7
dLKYot9Ix2Bib1DZerGg,7
DlWyNoHdb1jAeGCOsaVU,7
dm0NeQKo3ArPab196cEG,7
Dn4rZAFdVq6gHktTziEC,7
dolHJvDGFs2hk4LIPR65,7
DpNvYX1qedHLiQnRhF98,7
DtHRwmIsBecONYMWh836,7
DuSE7AmXlfTHU8OF0aNI,7
DwOFyEfhlGeMU2q0vbZa,7
eBkv8KYbUZfERHn3Lucj,7
ejWZLdoSr0vAu5JlaYUV,7
emRjoVUvdDB3xIyhNrC8,7
ers73VJzBQHoYxilUdt8,7
et8JFZUipOPKBl3DsEGo,7
EWjvFU5GXeSaHzxBh0f9,7
ez3yDwEmqdTGY5SMv9Z0,7
f6OSXzVv5aDQPjGYrEA0,7
f7FStL5cPTXbQkoZDduC,7
FDHjobQnCUSs6atXldJL,7
FGCV8wbAuQp1HiSd7kvm,7
FNRvlymt10cLEBADOj9u,7
fOoBREwIcNmD8u6Kts75,7
foWjCIUpHk4tEruJlBGc,7
FW5OMytiahRcIBfLJD9X,7
FXGvem2ls1xYbt7rkN3u,7
FZE5yneocLv0D7kK9CJh,7
G3QcJL0nO9qCtzNpKFVI,7
GAc5nqRb1NW9IDwCBvfK,7
gelhQLoiRE0HZTOI2fYv,7
gL7OxhdQVZSXPsGAzm46,7
GNx5o9mIsTV3SUkeJFgP,7
GNy1v4n6iV8zlwOPKDeI,7
gQYxTl9UmRDKqIMBkOV5,7
GTwAhvdcq2zjZBPEbWSL,7
GyRxVEwf1DFl5jJrsZaM,7
H6Vad3u8gEOPbwveYCrF,7
HaxgVnrql4bk7FEot9Sm,7
HiXUclzIL2rEutjB74Nm,7
hmxjukz4UBqMPf9Jec6y,7
hNKoiFSWrHegX5pnvfRA,7
HQZY7q3BvjlrANFkcxT8,7
HwOsZC4B8VSEXoa5WyqG,7
HzGMQNh0jB814iA5DbYI,7
i2LJZ9r8EQXCk04I1GUe,7
I5bhsB7CcpUDVn8Yglwy,7
i6GulvUznIrgyAjRE4YW,7
I6pNbzORLrq8uG0cCJPi,7
i89kvPU0R3EXQ1lZhyxY,7
iED1fIxnGyWRLuYNvl9s,7
IfzlswKZpUR0HqPJM1d8,7
IiMh65quz1NZmrfFd0py,7
ij8Lk6IpxTzC4WUH79Gv,7
iLBzkjmPncOKs7f4FDv3,7
InKeBl2Tt1Oy0qaLWXRg,7
iV7KRuTdvaMeXbByhOpq,7
IVRTstGWhAPOdgY8UZiL,7
iXQAH6xIYeLSlCfdmWbR,7
IyjtB6DFWvnTYw1E934Q,7
IZvLMWGkFTNuo91UBpn8,7
jDJ2lpYeC6OLvPqWGIsa,7
JFzDLwgruBncYCdN6KTA,7
jg6klbOWzZANyhPm0uws,7
jKOP7rSszpF6dhNHQfua,7
jmPeQlFEcqyRuVwrJTvp,7
jOTtmr8uJvclSIBf1xHo,7
JrminDyluvTjfcp1wA60,7
js068WDIg1hXYHKPriod,7
JTAoQ9miHalVeE63PdBU,7
jTgCQwsHRJMLbVrZYxe3,7
JtWKrxZDdMpCPNkRLEbH,7
K2QNGrnBZP7I5MiF9kUb,7
K5WyCRrPOn9bkGfxgY8v,7
K786iNwZCzFfscSOh5u9,7
KCxI1ZA3oiEqc8Xe4MkO,7
kdmNfXGWslxUa3yATSFw,7
kflLjmJz8FGsprySOqoX,7
kMDrx5LS2P864CIwNiVs,7
kN2FUugrtwA3nhWd7bBT,7
L0xnGubfYwOPpQAgVNvo,7
L1o7HeFKzONsb3JvRy82,7
0aVxkvmflEizUBG2rMT4,8
0giIqhw6e4mrHYzKFl8T,8
0J61YGoWjV25TzxeSluf,8
0nxrvcZJUBNGM8Vg4SRf,8
0pLrSeQMbqfCc2IZHUaO,8
0QK142N5HoBntC7RydAh,8
0R3rxkTidWOuPI5MUbL6,8
0SHsZKUkI2iN1Rw4be6E,8
0Tw8aQsVxMlZgFDPUm21,8
0u3fjhzJ2ZMyAgKYkVF9,8
0u4QcXSNvYnMalOBCygH,8
0w2LlG4eiBfby9JIMZgS,8
0wkFafuhqSr1Z5J7K6C9,8
0wqQj9ngaAVxI4SLr5H7,8
0XrH26wcU1ASsvK5ZqhD,8
0ZAJlqmphO4fjnVB6bMz,8
19emSiJG8vrZgT2zXEIY,8
1ARrSUKCbhWeTFyjp4ix,8
1BM4l8DCZmSpoYwE9Qcv,8
1esMpo6SAPHiTUGEb3Bt,8
1f0427Tk3POoeFMpG9IR,8
1hex2VAaHSC6lPv3ILOw,8
1iTgmuEOkVaUnhClz2JL,8
1jex6QUgvfsViWcLJdX4,8
1JiaRhjycfZb8BpmX4TM,8
1mlhNbQOFU0VtAP8ZJBk,8
1S48g5NjfO0arVmqcoU2,8
1uL0bOdvywrYSTBphUZg,8
21XVtgk6bMRdLWP4xoKs,8
27sRSvhiI1wEBfnGMtUo,8
29Gyianow1P7Zl63JSDK,8
2cf8jvWxmkMu6s10zbqN,8
2L8T9IgSrJs7mlF5PueZ,8
2mQdaBHoJEe5UI7ZAlzF,8
2NHmrIL6Gyut0hfQDACw,8
2pNwfLHYoKcWBzimErGS,8
2qZrQoxyYDeadjIp3mSH,8
2Ryi1HVUPdwNxuMebWOX,8
2SWx845krYqTjzQGstVZ,8
2vAZ5dpB7hzci0V9EmnP,8
2vdQBJI8twlfn3grNmsj,8
2VvzfnrS4LiIEgCYws1J,8
2wyvEnXdNFbxaAWr1Dok,8
2YiILGOvJNDhl8Acw1r3,8
351BNOEjS9pHWAqhJQdD,8
36eMEj40inf8r5vVQlBx,8
36mPaSFkA7gVLnCbhqTt,8
3Bsqe5aIEWKZvOjXmox9,8
3BX24l7nid8KpwzJr1bq,8
3mSnzZXGkwKY4a7yp2bJ,8
3NwypUot5vGsCE4FhRqb,8
3r0swJ67FWm5HXDnjaIy,8
3wKmdN7rqQi9cT6zRLPB,8
45jzUD8TtAe3wCspRHvO,8
4EnNLux3rOG8i0W9DBVf,8
4FdKAHtfpGS1hCjgyNJo,8
4iXduF6eZKQlNEkzp2Wn,8
4KYgbJAoBWLCvP8mQOXU,8
4OLCEwoqQIRkspZujUD0,8
4tdKOk02GsAmbrDepQZi,8
4VUXyfRKdZl56wkDeWIL,8
4vxohlcEjbqS8ramJMO7,8
4xPwVZd8CpJEAUIebmvB,8
52HWtsPqbBSn0awgkhTe,8
53nWYug4ePbS12JtOiKC,8
54OcnIvKfaBXmlwzkDLR,8
57hwp1ak3T8D4msCFq9z,8
5ceItS0Y1RjbXrhC9Zdg,8
5DRVonhkBx0twcjXCsLI,8
5fsyaH409vx3SUXN2jOq,8
5HogDrBCQJuV0qhzLsk3,8
5LO4pbtzZWxUqDuGfEHk,8
5MduI1Bv3KD0ZkHtm4ol,8
5PoseIX8Ak7x24hKQuNE,8
5q34Q7pkvTeoj2E6ItFw,8
5QjuiHc92rPnEYepCRow,8
5QPsHaRAEIt7ibDdVy3F,8
5r4NmBiSpfYJayxqIUtH,8
5R7IHhyprqkta0CJVLdF,8
5sLXK39w4fkSzAVi1Q6U,8
5Ud7vNlBO9mRQhVrwJyD,8
5uzg4kBi2Qpt8lfWVH9P,8
5W4u3pSRyDefEKhVNZms,8
5xRWbQ4TDyvmXr8OBitc,8
64SxkBKApurs93Qv5oce,8
657cSztk3InCL0MZmPWK,8
6AvPYWD0O3QysBdpXuhn,8
6bqeRU05pPKuGxQ7NEkO,8
6EaniIdeHgsKTc8DWOG7,8
6Jdm89ABgOzRfitPVQ3M,8
6KwsJTWMeuikr1bUGoIN,8
6PedV7uYhBAv1iIxoTMW,8
6tvBurLRHc15EYh2mXba,8
6vAwsqP5nWgz9Ri0L2EJ,8
6Z9ok5lwEO2cXBsM7dWF,8
6ZviYOFyQP8sReVI2HrG,8
6ZY9Al0hSbQBGF1RcLVH,8
71XJkmfwVpndPa42sbDE,8
72ijtUXB1aeWoVIdZrcH,8
75ItWqpMPsL0ng1AdCDF,8
78mbJ9OKHRUSCPTk5hlw,8
7dJuvOHt34rg0cGQ6msU,8
7g6SfEJzqL3nh5cK1MlO,8
7IuEmVGSFBQqKrjhcWvn,8
7Rx5kEXu8PUcAvqodymC,8
7Tcy2sVaMmJovEDAzr5O,8
7tDpNPXUISleJCkZQjr9,8
7tTN1k68jFBqlbXDixru,8
7Z54Kq6E2GTvgbyXunm8,8
80SRBPMDkCmJlbwYAiWq,8
8bNCQU7PMD6lotyJixVw,8
8EVrKTM6uw3yBzSbq7vR,8
8g2wbZ4rox6KphNESDW7,8
8GHm9yvYTWt4gQ2EBkxD,8
8lTjbp3rnwtLh104E57v,8
8n6YCkmUJ7rBLHA9WRzP,8
8NTcV06HquOrdJzygYSF,8
8sNQwJpT43ohCx2MjHaD,8
8zQ4ul6gyLe9xjTZqwEs,8
9b7hHJu0CNwok6zZfDxl,8
9bNuqOhnWLms5kYjHVoS,8
9bsFw0Dv6WQTyzGhenK5,8
9cTL3ogMZzDpXuvswOCh,8
9FGfW0bhXZDRKa6dY1Ju,8
9gpG7YV3EBUsIXL6wDNP,8
9hibmvMuBATOs1Ukco0t,8
9itfPnyplHZhTb8IMYq3,8
9iYImqyT3bRtC7VjhxKA,8
9joLAv30xuTSM4fqNbJZ,8
9l5grVFxD4EItfTnqmks,8
9LWNpGBmUctnVraSis5j,8
9ra6FlEPuhYQX72JAdzf,8
9s5a1ovzNXJHIPqUeZ36,8
9wOVdUL6r0SmjE1kAMxW,8
9wz1VxEqdHJa3RAUvMXr,8
a3V71kjmx5AwEivJMuGQ,8
A3v8cnhKHlp7T2jPWeqf,8
a7iA4S0nBrNKEMC3ZOjv,8
A90BHbUZYfQvGI1m58Mn,8
Ad4GW9FZuaM8iqzoV6N5,8
ADaWiK4BCZg7Gub09xjm,8
AgVCqYNeGIc7r1TLtF96,8
aJcVr6m8yCw2l14WHhOU,8
ajLmuChQW2E3inYtepOH,8
AkMBjErNyVGnWaouCQZf,8
AMHbTixhsJU6P3X4W78o,8
anNmxI0dCHhXqo6QWYyk,8
aoJue96cBtikXd5ZvNYD,8
Ap1Lj5JHUiDVIoSWFq73,8
aPU2SW8Kt5OfDzXZ3YqC,8
ApyV7xXEzskeocfiNRbQ,8
aR0gzKL2uEQJNDokWs56,8
arCjzeyY4ql7IcJMDvZW,8
aU8GlOs5MQPw91iSpYmV,8
aVM29RPh63DTcnOreZwL,8
Avw6S8FesIhXZuld0cgC,8
aZoel3jMRHwBEG4X768N,8
b4I670cxfHSWlV8rJiEY,8
b9PJ5cCeBG6NOymu3pfX,8
bEpoysiFvISXtT3G4OfP,8
BG4gJuDjFMtVX5cUbPOC,8
BH56lpgQn32eUyJDFImv,8
bIC9f4xQYOm3SMpvgtWD,8
bKHofVDm516JRGALsWei,8
BKMV3hZw821iaEHI6XpR,8
bKUMpyOl7R4G3id86Pc9,8
BM9ri8vXtbxJNem6S4wg,8
BMjARPlc6GI7ONfitDJd,8
BOPEStlfDrz9kvjN2AyT,8
BP15O7oHVdpeUaRxF0Mu,8
bPlmOfVjXFQrS2NsE7Kq,8
BPx5vIDXAmLkOiR1Ec3e,8
BreEUiPh3mzaCZFK7xvQ,8
bROPgBf8pYcSud4Ejeml,8
bUcAhj40SsfgJPlnVZkq,8
BUGAnop1NDYTh0txE8d6,8
bWMTEq0N6d7KRZhvigGQ,8
BX1krdbNEPmgFeCaRy52,8
bxGymYEIRU3uXZ0KP9gH,8
ByY1Q4t83mnODGTj59op,8
C5MzcA6N7yxuQfWDOgoU,8
c9tj6deKFW4zDfOvE5VG,8
cCbg46N90ykYJxqK3tdF,8
CdJ3sjrGFOBaYTx7biRQ,8
CdN4kZVMhB7IoxsRYu2y,8
ce2bA7oZP38DCIX9GhQV,8
CFGqpn3MEZYvh9mHtL2N,8
CGjAmy85OhvrlswNZVKt,8
cGv8jZ2BnPMdm64VWeRw,8
chePT1jq7g5QO02ZN9DJ,8
CIKSXl6M7jd0wrftcLBH,8
ckA3Pn9iYjL27sqf4SRM,8
CKL9vk4x2IJZoM5sbu1R,8
cMdF9wsSLT2eKh7zxliB,8
Cmf516DZaASV43IUQqe7,8
cmzfHMpd2Vv6ZyqPOwjU,8
CNmr15YobqEfvJn6P7hU,8
cOKeokjEfm24N0u3wh19,8
Cqwcl7m6vezMOAiEnKWp,8
CtGcyhMJk3wNe9BU08LY,8
Cv742oSZumb1kGIU8YBN,8
cVjkXNizAryxYdlR5oBL,8
cVYX2gTrFnB3HfP8m5U9,8
CYblXLMZ8v6USIHOq3r4,8
d4pRkjBtMv3uC9OKPIbL,8
D4UkKvnxZCswzAahu6iW,8
d5y31iXUNopBAjIEtklH,8
d6D27zlaQs4EWPKkVHvB,8
d9aX84kmhqvL1eANnciJ,8
d9eL3MgusYQWwtf6l2yn,8
D9SfgPTq24RdONYFG0ZL,8
d9tk6NmEj82MWXIHsTaw,8
DdWUEy72LmqkaQ1luYns,8
dDzqka3oCtXi6WgMuZYj,8
DEsoaSYpTiVrI2mCj9MF,8
dg1AyKiHqjFwVOln4sLa,8
dGtWQOwxTXUycpl23hf6,8
dHhYV16mSsuTqrzcAvBE,8
DHmvEUizRk4hQ1eJXld9,8
dIWe7sY89Bb1M5ifaJ3n,8
DkNYd806tFbgoJ4zf1UA,8
dlKCRHePG31OFg29TXbo,8
dLUoZ03Xqh5PKMyflOBj,8
DNmcvMG3LHIbr6zRed4h,8
DNPAd4wCIHh59p2nbqJT,8
dQ5kFDwP4ByqU3tnLTZf,8
drj8265K4UhucxtI7ERX,8
DRk5zvgt4bPBjoy6l1w2,8
dT6n5gVkjxi3oDqUB4Zy,8
Dtfl1zhqCkGNSbmcaXW2,8
DXc7aKbmIMuodvRfg5iV,8
dyNkotjVGpaX5gfBx1AP,8
dYy5PSntD1Tu8gZip2OE,8
DZFtMKSlYEdX9a3L8jf4,8
E4TwNXeQhOyCU6iDR31c,8
e536492vEYorx1jONqgG,8
e6sV9KTp8OrX5qHNYAt2,8
E6UV2qcAsQH1txn5SJNZ,8
eAZIwrCciTsq4bYWyfEh,8
ECiA7GPQj6MNZtSJvRqL,8
eCiN1Lzs8tIjdrxMQ2PR,8
ECzKJTQ1pj6PDIMnXx40,8
eF5UtAWbwBrYJlRVpNIk,8
EgJw2tGHKzZ3YeR85aID,8
EgVXwZiSQbY2JPoephRM,8
EgymHkwfrqWDp28M7dJe,8
EHtqirucvwIPnKAokO3d,8
EiqWaKH5VdGBc2QnfO8x,8
EjePwO67SMgaldTt4pYV,8
eKgQl0AwEzo12DBcs46I,8
EKzas0qTBM4n8OxgHYX2,8
EmT1hn8qX6kOYFbZIB0f,8
EOWxcs1J2teX9bQfn7B4,8
EQ9XCpb8NMh2ql6Ki4ky,8
ERUu09IMtDwszYTj6ckm,8
esQpnxYJW1PVrT8ovu43,8
ET2LWQHiv7RSIJd0bAsC,8
ETluOSjYRQnJ9r3pLDKq,8
eTt2HsXmqIJRhvaEfNO5,8
EudLvJYRpi7K3r5MBPnq,8
ewvkZjT3McJArUo7bQHK,8
EXapH4diUyGeJ95vf1YT,8
F3OeacGAomRBgzErX4nL,8
F5Om4quYSd3BaGK6xjsp,8
Fa3Bwj8M6UoYhZKimT7E,8
fadiNIzQsxUMBElZgc97,8
Fe0RwyGuONtrH5mJpAx6,8
FGPHc0QSsMmYUfraOil2,8
fgYxPlSK2MeTiGzjbsI8,8
FHMwlc0VNIkOTe54UEJL,8
fiwJGn6gUtXlk1NZoFAS,8
fj5YpGb4WZea7RCP9Llm,8
fKhsXDozS0YNA63L54nl,8
FLBerci0hxEK1fYtUon5,8
FmafvwYsu6Xn510GgU4c,8
FnXVjLgJDclyUw9h213B,8
FQv3gdPzs1ayVCXuYcWR,8
FTf0bi9tk5ZPs6c3ANMn,8
Fxsq8u9hg0Ncl2TzLQtS,8
fZKYVSJadnFIhu5TC4Dm,8
g1d6Syk0qtWOE7KnLJRb,8
g2xuLl8TswtIEb7SqfXD,8
g46fdQWzcnK0rBGUJs3j,8
G8ukS97hQUnO13ZIXoLM,8
gAb06acf8NMh2Xwj71HJ,8
GcSHUvqg73Kd2fhoEusr,8
GCUmV5Iy1LpqM70ZYoKR,8
Ge7L4p2hWV3zuMDRmOyQ,8
GeLtAwMsZIQoD0BNuhjr,8
gF1a0ZIBcAMKpJtOW5Sh,8
GFLxvaBSrfoN5uUA3l9s,8
GhHS0zL9cgNXFK6j1dIJ,8
GlUnrYxyOb5XQhFcf4Su,8
GmH1ULjobZKMkcVRyqQs,8
gMjneCJIuS47bLXd20qK,8
gMRA8HlDUsmd3e9ixz4h,8
GMw5FUkrDxPvy2XmV4cJ,8
GOCxdg4XrQYsZvKf2eNP,8
gpQPsBn4Hc6uoxmFbYU3,8
gQIhxTb8e2YmcACas75l,8
grm1u5UkAvVC8obIKqi7,8
gRVxvlkb6h50dtYCEPKW,8
gUqCe4oh1H7M5Y9EJQSs,8
gUtJqTPNrOZIkcl4162e,8
GVHXY92sLJm84SIpoOQb,8
GWOV07nzb1Lasfh3wYep,8
h2KnxiqVodPEjrCGuF17,8
H5QR3qYhCvUI6px1oaEV,8
h9uzeKZxisW1H8IdXbGt,8
HA2qnVEF4t31ceLkiTbK,8
haOqi2LncMP9VATIrBFZ,8
HareMcE1jJ3WqsOXDopb,8
hb51AsQJ86yW3C4g2wGu,8
hC4p1vnRPZlyMtsFVrqe,8
HcZqh15GQi8J7g9WvUDp,8
HG36dvEWlMhRoN9mwyZB,8
HgcNkyo38ZnXM5ePvLQT,8
hGrRVejLFzNtXcBW6s2p,8
HhDF2X8OmRbwZjBVQPxC,8
hifCEvXHwd8QWazZ3KPo,8
hjI9pimf05cxRBaKw18s,8
HJt1Mc578nYFBDdKNkVu,8
HLpXtJWqcKPYl3bdQzEG,8
HmNZrjpJtMXGi9xS6ukW,8
hnNb723ujRBlLTp05r94,8
HNpYIJlrkg9oMPc2b3C8,8
HNtYGxKfFUOLmZDIJpsn,8
HnZ5MNaCpu0k7d3vPwfE,8
HOxsvV5gKWhCm9FqDb1r,8
HqX48iTlfj6goR3JFWwG,8
HSeCYbTOxjRn3y2XPAvf,8
hsJmrAIKloWuP9YnOBS5,8
HVZBvsWOFIJhr0qNn18Q,8
HWYcw6mKFXI9ABCz5LPE,8
I2LpvgJMuBOXGjYyHeV9,8
i4QEaV7rJNZewSBsHjYb,8
I5JmqLczQG4Or2tvaejb,8
icsloypKnkj2BH9dMa5f,8
ICzfysQ1KoXG0A4lJRkS,8
IdgVGZmcO08sl6Ai9bEf,8
IdyaQv1LrRA9cSM5PX7j,8
Iec3SYD4Gimhob1xQ7sV,8
igwzbq8sOkK3TR7A2Pj4,8
iH5f4orQv0Z3xAlIsbWh,8
iIZJnOKvCosaLkdjzVuc,8
IJP4m1KraznpiCAh5OcD,8
Il2aohvFwitH5SK4xYJn,8
ilEPJ7GwKoDNnLH0mkeQ,8
imhqyk5ONHACxZDUKlu4,8
iQ2sjWu1867hVrJ4wKoy,8
iSUhzuAXpcy1ofT7xW0d,8
iUQAHhE3TKRjagWtFdJk,8
IvoXQpraDg5ieKAJFmEL,8
IVQkUgrW24Bmbtfvwqo7,8
IVrnLsEJ42W8iqv15MFD,8
IZeQVP4mMEwxvrzfUd6R,8
J2cN9YjVQAUdfMzGRnBw,8
J8BlM3NXxq4LzIsrGVPD,8
jbFcZuLt8zmiJQAORP0p,8
jDUlGX1nR7eadfkBEoLx,8
Jfu93PoWxGywDBjl0A5I,8
JFWPGhyoASRaxQ4Tb0md,8
JGaqTC0sRIciH5n3kDUX,8
JiS9zt40D5u1xFqckbUO,8
jK9SZWNRLUAhvt8o5Ycx,8
jkLxyFGoPuX2TQm3fYDg,8
JLGnIyg7olZ9MpdN8wmj,8
JMdwHZWNibQcFoSPG0sO,8
JTBs86W3jgorMUAclIvF,8
jtYbD4hFRPECf6VL09ol,8
juBfkEG36LCnM41bOwKl,8
jULaFyfMxw9nPWX6uK12,8
JVSdyxfAB2Y3KT4ZihCk,8
JwsCip5tZlRhk9ga1KB3,8
Jy0NTuqFlpx6LnhIXWK4,8
jyTeVvz3dUCLuwgAtlEO,8
JytOpUNjThR5knZgifGQ,8
jzUS0Eu9OKTVZFRY7Xny,8
k1fUSL4R0yqnAoEdQvlD,8
K1TBRacdPrvqOXCjDw2J,8
K3DsAmcCyTIbdnNojLwM,8
K5g1aRrQn3tXvPbLGpMS,8
k5hNijdJSezp4M8gF10Q,8
K93H4bimO5rlYB2fuxMk,8
KaReWbZLT9Uq8Qr7yuHY,8
kBdDKj9W1rQPpoHmetaG,8
KdG3TXzutgb5hkYn0Bxs,8
KDMqVc9yIEfmB2A7slz1,8
kGOH7PtQCVpY0JLKXUvj,8
KIlRar2dkuxMY61yTwhZ,8
kISMDrwt2uQCPOmZLKHE,8
kmeiX6z4OhLcWACuJF9b,8
0dauMIK4ATfybzqUgNLc,9
0gcZkSFr7VnEmLPbTxUe,9
0njs7MJQObCY8ABgykiP,9
0qV43bnIcBDPF1WlG6tJ,9
0uLJEcpVlIWkTBeHZU4w,9
0Xm5sqBgQASUyFui2kbH,9
0yn4gphuOYlPsCz5JGFM,9
0yvBxsufKXzM6CwpcSYU,9
14lJRXiAchNqVFSOBLgb,9
1hzZA7JPylptLbxKYOmI,9
1MjkqlJ7L6EoAPXb2fKV,9
1PBLNzoZlUuWEvAt8MHq,9
1pfyGlxvBcaMTNj3VgE9,9
1roh5Aw0ELDKyeu6GkIt,9
1tzipfyUJACXjZYPBud5,9
1uNTL24yHl3EVFidSzUA,9
1WJXH29t4FmdcLBK5DNR,9
26Apnq34hwrYEbvSUoMV,9
28MbCkmwFWHNvBYTP3oe,9
294DyEi30U6TVeFSrClm,9
2AloO4fCXKL9DnYdeQUP,9
2ec5nrOmxDFqKTf3pYGA,9
2ed6iJbogAU8BIFKkQ4h,9
2gXZWDA3VeTPr1I7pjYa,9
2HqSerDI4yG1WRxTbl8w,9
2i5N9Ftj3xoySflKzbAC,9
2naY3OZxS1g8HTqE07ew,9
2qpZmcvFs4LCBNi9IX6H,9
2rRK7lxiQhSD4B6a9uEI,9
2SuEocCLvdekmN1jJFzI,9
2tqQkycVPSxIRGuW3wnh,9
2v8l9FWbJZg4G7MCNB6r,9
2YRS507CXWuiFkBefsvx,9
3afO9NUdwDyT6IlAm7gk,9
3CWgqIP4MTAXY0Q2ef7p,9
3CzXANVvEmalqJLBuWbH,9
3G6jJKRVLzlpoimkvfhA,9
3Jf94PIUvg8pCqLXKzEa,9
3mCGDSjRVxpeoaYXLfc9,9
3MZriOFjTzUcpWfl4nah,9
3NctGxP1CHAqdXWho2F9,9
3oA2emBxRQTkvDrVqPfL,9
3Oy1Wo7T0QxYILi8mlVg,9
3Phx7vzOcFAjZLtXSnmN,9
3pNQ4kCvMSceHP7YzqKa,9
3vsl9KYdAo1tibP5DRSX,9
47QarcFI2Vwh8mKuS0Zk,9
4ac5qdOrj96X8SglAGZL,9
4e3mraTBH6EvMYXyUVtp,9
4hLqKPSOyopVZMeU3ckY,9
4KAfN3s7MPajdn5ecCIG,9
4MBXbUW23oprHNGIRlaw,9
4mW3JCvdzTjoRaDPK9ge,9
4Nxt0uDWz8f6YpPqCTM5,9
502xXcWOnqet1TrUmPBi,9
57Y1sP8cgERT6OQyCJjN,9
598Ro4nwxeQOSHvAsgXm,9
5aVfOX3lym7ZECUehLD8,9
5dUXaIlwDZiAozyq4cHu,9
5gVwWXsxtIzEn6RUJq7G,9
5hNHEkrKFC0ufonLQ2d8,9
5jkOh9VRtDcMElf1TUBo,9
5S7GkfYCBa3ObXxU8hoq,9
5scq0VdirPRF8DxUKbh1,9
5TpJycItjG3gXY0F2nWL,9
5VxRKX4N9ShuDZsqFepk,9
60IMC2mZxkljd1pQnw3J,9
64pFyk0YIszaOwGx2iMA,9
65jWRh4GwFlqfZsgdHCc,9
69woQijq5CZfpunINT2K,9
6atVwbXZ4SgPnCEHpdis,9
6B17gNAqEZiQyvt8FDP3,9
6c4doT8bL0DuwP9pGtOv,9
6cdHfleOSjY0BJxUZNMP,9
6CsTIZDSEdqNzi5tOKBo,9
6Jiw0HZgfQ8PvGCtsxDS,9
6LGpjCQ1OTJlvxRH3m97,9
6m5RYe3dk1nZFzHOEq7v,9
6N7p0581Hv2oiTfhgCsc,9
6QWh10fPM4EYicpGBvlL,9
6tGhqxwai7TfWSby8lUO,9
6tIsGFJl0y71S2WepLMB,9
6ux5VnvYNqdiRP8ZWI92,9
6V5BQcGzN4XIv1DCTpPh,9
6vLBpK5AxaeNHX7UrWGi,9
6WQwdE8cos0DCvSGtmZI,9
6ZdpisIvCL1GornaSU4D,9
74KWaPkrADuI3JU1yseB,9
7cA9IVu3YOH5r8hK42wD,9
7cUfx46SVDjs9X0qZlmi,9
7fXZ2Kd5Ak1IjHo04g9Y,9
7I1WuTt0o4Eg6wZJAPef,9
7IpfdG8WOkLFojV5bwJr,9
7nvHG46BM95P3SEW1ezy,9
7vKDaxCOzwoU6ZT1nNys,9
7waVJqpLnoxz4fKsZv39,9
7wm1pWx3h4HiuoODATbE,9
7Xl1KHeRiAYN4x62hdtD,9
7zhQTZd1lrYEpxaCNWv8,9
82j5UBofDE7wucTk4CRJ,9
8aMHw0YO5ILJ97eduP1C,9
8H34IhqQL21VOat7CSdK,9
8J3W0n5K1dY4eOPHbj79,9
8J6QdyfRgIeTnFsNPKDp,9
8jhdMbDAywv5LCH3qSG4,9
8KZ4WQGTEfJYnONerwbV,9
8LVijvDmg32TPO1b4qAX,9
8vLfMwRVsYl2ZeghxCSp,9
8VrlyPxXiEU2Bwg5ce3Q,9
8w2sWctxOpoIH7VbFREX,9
8XarpMwmLAk1gTDfYZol,9
93DFQGKTLxy8Ej6kwlPu,9
93prvATOY7WiulSKUcRm,9
93QCNLn5FD2pueg7GdXB,9
972muzardTq3IUKHODvP,9
9CYFq8BMeELSXsZ7Ubpx,9
9d3mFhrqe5gtuLE0ACOf,9
9DnIFm7V0UklpyfzAog4,9
9f5wo2qZsPe3YWAvyJjt,9
9Fj7xr8o43KwHZ6nzIqC,9
9J3ytOwfECdTV52ncMiU,9
9uMNJCSLlO7dvfgb6szt,9
9yEnJoLOWURsBbt2FivP,9
9ZumUWNljRnD4iXIgKbM,9
a4mHXyRFw3jUAgcdq6Op,9
aAPj7tsm9RKdiQc0BnM3,9
AarFhLo7SgGIEU0fHzQn,9
AaZv2sYJqpI8He5NBPfD,9
AbDuHJy7LUcZWnOaFEXh,9
AETUf8w09lXt4hPNSJeO,9
ahwFAIPcS3yxg1j02KCJ,9
aIGXWDVUyzTcrYAOeBgP,9
aiIz8JfYMyPvA4SG6HUO,9
aLYlqoB39X8URmnVQNSz,9
aMs9Cui2L1UNhb5y8SBH,9
aoDeHLArcPENpQZqG5J9,9
aoeMjOFhtA5zDJl74Vv3,9
aORXG41yvEDJcbFNfxPw,9
AQqlg1wKtNYafzkB5Th6,9
ArclRISTQmqu617NfztD,9
ArX2JQ5sNDhb0lyMoqu6,9
ASDe8bT2BYWLwnOmqFJX,9
ASod6eiQyz17bRkglJ5q,9
AW0VsbwKSIHgXBZupjGP,9
aWXfqViyPYSJHGwOeM07,9
axmjW0H3EnB9JRdSibKY,9
aZ90qrU6kB3DzFwTVb7o,9
B17Ru4gs0vhqyMjCtLZw,9
B1tSf4zOCleLVdT8KPFN,9
B8Mo0JgXlFEbI3a6Vr1z,9
BALQRhwGyW4kzdUqZ3Ir,9
bB4krWM7TCiOD06x2AN1,9
BC0rTwWDXEkphdavQzK1,9
BC9hzqbTa0OIsePYiND6,9
bcqIoNTEXGPDUwzCWRxO,9
bcygaiFVYIRLd7GOsP8t,9
bDAz9oPIQfZSXEYtjNCV,9
bDHk4ziTdugcp7jAZlE5,9
bgX9Jh2qGusjKMYIwfin,9
bI3lF0LxVd69TQoWM5jr,9
BJnLTxsZSUg0GO7m1pQu,9
bJWZMVQzly2ogEmf897j,9
BJxWKlM3u74OAEkSoysr,9
BP1nuwOygHtXK57Ymdb6,9
bPF6lJve59SkodZNiqx7,9
BqXn7hw20xA6d3Di9QzY,9
bSN5cyA8a4TVvLxBGtfD,9
btnjxGM0mzXWZOys5N2r,9
Bu4azJQyljTOX3hCn2AN,9
BvWnd3XlLYb1QGAyP6Zf,9
BxhpgtQbsyuqY06HJ2OT,9
c0Hj14EGaFBbPnefqS78,9
C6LTXpH5NeQd3yRBGz89,9
cb53LHRYAJk6M1XZgusC,9
cBI4bRkZVxHU7f1ug6tD,9
cItfpTWOL31m946zFkYs,9
cjHS7QJZpy8l9dL0wb6Y,9
Ckg3TiIXWEdF7msvqPu0,9
cKuqPZrSGzvN0nyblm5C,9
CL7wiUdlhOvgaJesfrmW,9
CLZ15SyTFMUBH3ldR427,9
cnizHQLPYVmwXT2b3jRE,9
CO3Nm5IQgVl02ATRZiWo,9
COdQXbslFapMY0rnNTLE,9
CS8VeJ613FL9spGiuY45,9
ctum3yBP7pIQ1W4U96Zk,9
cTZaQl81E3qRPifYNIhD,9
cuQ80MAm4va1koYfLeUG,9
cVFaWK1b2dBXCho37sjE,9
cyMGot9uZIER4WFmUsKw,9
czBpmyW2hKAiGLDbv0Uq,9
D4HgKrPeUyIlGFMv1tVR,9
D4NQLor5zyHsjYCukl0O,9
d69TJVnLQBqZCIaY2o3E,9
d71upfoW0wskv2lz5O84,9
d9HvRYX1U7fGL0cEieVw,9
d9Ojb8wkYFnaEDUoilxv,9
DayOBihLJU5IkSjAgMmt,9
db03PLecsviEz6TMZCSn,9
dbKwCsoBrcJehx48m7fP,9
DC1wN6o8fus4iEUtQljY,9
dc64u3pCSJhGPUMqxerX,9
DClx6p7OIkUwVmNYajhB,9
DCZeMryOtKQxBgW58UYo,9
De0q3gzMjh2b8dlp9YmW,9
deou4UEvA59Vi2DZySL8,9
dETSCuIZDapLP9AlJ7o6,9
dexOVwSPEDv4AYR8f3bI,9
dFf7OsbJGliBohLWMk58,9
dFjMQn7q1K8Z6ziwG0TP,9
dFUABXPZzn3mL06OEjek,9
Dg3AFhR8pknxy6Swcj17,9
dGgtMk8JPAlFje3CHIqW,9
dILobOrVQ9TGuHfU60JD,9
dOg1eCFnMbh7DY2p4ljJ,9
dRAZE56pjBH8JwFnx9Uh,9
DrNO6fVRJLoqYK4Bkdy0,9
DRw7V8B0HGF1mpjkeadN,9
dt3fRl4cO6CpjsLHNWgn,9
dvgWEDFtuNPLUfc8ST5e,9
DW5XohIOgHPNwdBKkM9i,9
dwBCl7xMSWvqFiZcJ1am,9
DWnB8cNMprEmkXTtHu9O,9
e0ujNRMU2TxqD4rfAXaF,9
E3SfzdYktZBm8ov65e4P,9
E5UkBdwnH0T3yjeIfOPv,9
E6vzaC2gPsTfydO3Lmo8,9
E8Yx61NWCXKRkeZpSt9n,9
E9AvZIuDkLT36dK8bPj4,9
e9FlxXRr4O7BZytIKEph,9
ebVXN6smHDE5nTCfhzIS,9
ECniUjgm5uspabfKSQAT,9
EeD6xHtTPIkmqOQw8o9U,9
eFK1IWckUmuM3oCAjON0,9
EgTaYo2uCnZ7FrH5V9fy,9
EH7stUm2bjMTdDohrSaA,9
EKHpgnWV7uGJIdO48wXB,9
eLpFR90TBvsmGfQKPSuj,9
eoZu6jSFvrDBVUIWdHiz,9
EPzSRHVYOdXGoKDMgALh,9
eqMtk743YWi6Dpm2Hab1,9
EtGBOKD2bpQI3ZwJRPmc,9
ETH8lrLD7Yx05Wu16hcK,9
etiXx5SkyzfIu0aqWJ7g,9
EvshcHYmbpX7zD5raeQO,9
EXm7GqWzb8pMQ2Ucyx0a,9
ezUIPLcrOXBlw1mkTtQZ,9
f0NLCiRGpDTU3dlZmSEs,9
f7gL0o5Uw3cbRyX9rOuT,9
F8Vlm6LJMgyE50a1xbSX,9
fAER1uHUSLsd3XGxa7Qp,9
FAMI9aEG2hk8BKeNYzmZ,9
FawWOxhrVe4ysCXLkA8u,9
Fc7z9kKf5ZUwpyqC8L21,9
fcId81lTeFim0jMzXo6R,9
fiepv5X3tyCOgzYnT0kK,9
fIGuejtwV8C3bQ6FEnoO,9
FiHCdZeLuSOWcQBv8yKm,9
firgjUSwdqCOTFeAK5xu,9
FKEfLXTm85V1jQaJMAyD,9
FMPeAL6nU5cydWakE7pi,9
FmUz8pwNlXgbS7DW5yre,9
FpfoxH3CNAgl9iBY5naM,9
FPrCDVSpITEWtUyMuozc,9
FPZgaCXimE53GWD6UjJY,9
FQv250xqPrBlk1sSToYE,9
friQmXP9g6D5AvOasLUT,9
fsJt14QZIWVFvumNgnki,9
FSqi0ZaPveb5jMxtBcfs,9
fU4l7Lc8jnyxRewu1okV,9
fVWAtl7QsixdmThDBu4C,9
Fwq4K7L2j3RaxGmScdVW,9
FWurwNEfVxvT43HbLyid,9
Fx7qZU0yclOobRHp21kN,9
g0SLz2IJ8G4tQpbqsFrv,9
g2bUtO0hW3SnQvzClReE,9
G5dlzsYqu8TkDrxUpXmS,9
g9X5q6kEmFb1H3Z2ydPe,9
gAyPsqEjndt4xoGc2J9Z,9
gBUSDYdZqJMGCQuzWTrX,9
GFblksovaPYLI5XeC8RU,9
gflVXx947YuhyPKmJUG5,9
GgmARFo3WxUZ0KzuCM15,9
gGrBPR4c8KkNWHuA61UY,9
GhqXt1KSQAj7D4oL3OVY,9
GkA3vhfoHbwdeKPBl4ZR,9
GlHSULc9O3qh8zmPpBuJ,9
gLmvzTR3BJhWD9kaw0nA,9
glvVJTocrt1M7ZpKI8ju,9
gm6EuQ9WT1AbsPJOSnKc,9
GNHUoTAd3etcxL1M0WbS,9
GolUKPReSvZL6pHkM14t,9
GOmnSkldHD5ABFoNX7Jz,9
GPAypQZ0LH7rD1safnMI,9
GqB39IgmebAiT5OrNf1o,9
GsMCWkKc5LE3PxYhUFnt,9
gtsQZdU0r159I68nfBjL,9
gutpXNfdSFbzG9wB7KM1,9
gyqaKWGEz18V2N73swJu,9
GYz7KAZtw21lqC9bHP3T,9
gYZueKo9wDtQ4FRbB2lf,9
gzpYy61CS5aDhJdOnHMN,9
H0evJ1QxsltOCmkDaTGr,9
H75RL96JxmMEfBvbe2jk,9
HaOw84bYfkn2yxpiRFPM,9
HCGEdW14Kze8xNpaPXqU,9
HemlRJ8bucNG4vFDVgK5,9
hFAlObnD1iHQTdgMGBY2,9
Hfo6yVm1zvZaYlTeG59b,9
HFyT4lU2KtEZfXP3xYV6,9
hGD0efK53nrvzcdx42tY,9
hgjwNAdHsBlEU3QZLbWC,9
HgoVMZFR7racUO2EA4tI,9
hIkK1vBdj9fDJPcUWzA8,9
HK1vV67pXhj92CRroAYm,9
HKFhlIpNTqUuGe7E6VtB,9
HkMSwlB8a963ROnPtihu,9
hl5wNixcfnCgEjp324sT,9
hmMISGQjc97JwvlXixWT,9
hQnAcOfHYisDkINaod7L,9
hU9dnkVNuPCJbLysXlzp,9
hWxgEPKIclqL97uVA2m4,9
hYs7QuD49gNVbiWemnlz,9
HZI8SimVhNLz1JD5fbyW,9
I0aTJkCwgMY8P6h9vWSt,9
i0gZtoAOmxsID4cKHaul,9
I0wz6TmBL92MSGgxUboV,9
i2Jkh6cyaOwnjltg5VN8,9
i8r3tlV05JwDWgYuAXdc,9
I9SRFlHMaNkpDmfjEsc0,9
IBenwH2i7GYhgyKVt9Q0,9
IbEo9xn38UJfk6R72XYq,9
IGdmzs15LgubiAjXWfBR,9
IJlXen24jGWi0wAdY9QS,9
IJr6lPZBdNCgUGakjMYc,9
iLj1Bfr4dYOp5RsoZmk8,9
iouyxgUJX7pjI1LBTSDF,9
IrD2NqBzMT4euJQbXyv0,9
ItHfy5k2V6T9MNLs83ae,9
iugDTFftkUxZAWcBwCYI,9
IUVTHk0fbcLtrx91MeRh,9
iVXI84d0vYqOcLArnTtm,9
iXZ3voSbundaAjCJl9Ue,9
izAB3JHdROIwy8UmKbY1,9
izS2yBV3Z4nKch5OmAuo,9
J1LCS4Foa2jbAOYGWQhz,9
J8BKYxOaonACvqH5GT7m,9
JAvZf2EF7UHC6OKL81Gm,9
JaxoikOjnRvIHFAzBMUD,9
JBGVawO7uqtxM103PbNy,9
JBXrCHbwSvZ9c5y067Ol,9
jF8Qxdo3MyVEc9l6O2B1,9
JfW6FM47u1otlOYUdwbH,9
JgoL72E0WlXhmFHD5cxp,9
jGqYz9DaFMOWUlSwJBge,9
Jgs4hRrYEy71SbtAfWwN,9
jKT8GepvlOVC72PYzWXF,9
JLS67VuPi0hyto3e5g8w,9
jlSnNDwm6Arby4cQv0ox,9
JonIk6ScNpZM7WgFzm1D,9
jOPwcHh7kyFaB4Yv8SMU,9
jTgF9SKzb8qxdsC6NnmY,9
JwzA3tXdgc7eNYxjCy5L,9
JyExpTqVMmeA2wH0FbkY,9
JZX2B0zdS7MAVmjLUkx6,9
K4jGPJV6DUu7Xq1eFdrB,9
K70AVwRbXjTFZv9g463D,9
K73w4anvIFEZi96dxtA5,9
K7HTMuk6fo2wrhyWxY43,9
k8qrhNTAG54fSl6jDtVa,9
K94VFOcjXG0dUkDtMln3,9
KF7NGoQSk8v9OE0nrwy2,9
KFrZ0Lop1WDGwUtkusCi,9
kG29BLiFYPgWtpb350sO,9
KGorN9J6XAC4bOEkmyup,9
